IdSensore,NomeTipoSensore,UnitaMisura,Idstazione,NomeStazione,Quota,Provincia,Comune,Storico,DataStart,DataStop,Utm_Nord,UTM_Est,lat,lng,Location,,,,
12691,Arsenico,ng/m³,560,Varese v.Copelli,383,VA,Varese,N,01-04-2008,Present,5073728,486035,45.8169745,8.82024911,POINT (8.82024911 45.8169745),,,,"Particelle sospese PM2.5 (Particulate Matter PM2.5)
PM10 (SM2005) (Particulate Matter PM10)
Ozono (Ozone)
Biossido di Azoto (Nitrogen Dioxide)
Ossidi di Azoto (Nitrogen Oxides, which include Biossido di Azoto)
Monossido di Carbonio (Carbon Monoxide)
Biossido di Zolfo (Sulfur Dioxide)
Piombo (Lead)
Benzene (While often listed as an ""air toxic"" or ""other air pollutant,"" it is also noted as a priority air toxic in some regulations and a component of VOCs that contribute to ozone formation)"
20488,Particelle sospese PM2.5,µg/m³,564,Erba v. Battisti,279,CO,Erba,N,22-10-2020,Present,5072803,517232,45.8085738,9.2217792,POINT (9.2217792 45.8085738),,,,
10043,PM10 (SM2005),µg/m³,687,Ferno v.Di Dio,215,VA,Ferno,N,29-11-2006,Present,5051773,481053,45.61924753,8.75697656,POINT (8.75697656 45.61924753),,,,
6665,Ozono,µg/m³,565,Cantù v.Meucci,369,CO,Cantù,N,17-01-2005,Present,5064150,509783,45.73083728,9.12573936,POINT (9.12573936 45.73083728),,,,
10270,Ozono,µg/m³,655,Darfo Boario Terme v. De Amicis,221,BS,Darfo Boario Terme,S,01-01-2007,12-07-2023,5080789,591371,45.87460256,10.17736553,POINT (10.17736553 45.87460256),,,,
5507,Biossido di Azoto,µg/m³,504,Sesto San Giovanni v. Cesare da Sesto,139,MI,Sesto San Giovanni,N,18-12-1980,Present,5042386,518435,45.53476819,9.23610903,POINT (9.23610903 45.53476819),,,,
10035,Benzene,µg/m³,672,Cornale v.Libertà,74,PV,Cornale,N,02-02-2006,Present,4987406,493238,45.04008561,8.91415717,POINT (8.91415717 45.04008561),,,,
6831,Ossidi di Azoto,µg/m³,657,Lonato del Garda v.del Marchesino,180,BS,Lonato del Garda,N,01-01-1990,Present,5035536,615762,45.46375819,10.48078183,POINT (10.48078183 45.46375819),,,,
9924,Monossido di Carbonio,mg/m³,677,Cremona Via Fatebenefratelli,43,CR,Cremona,S,08-04-2006,01-01-2023,4999315,582066,45.14254358,10.04384767,POINT (10.04384767 45.14254358),,,,
10347,Particelle sospese PM2.5,µg/m³,670,Mantova S.Agnese,22,MN,Mantova,N,21-12-2007,Present,5002356,641122,45.16057658,10.79557331,POINT (10.79557331 45.16057658),,,,
5599,Biossido di Azoto,µg/m³,596,Osio Sotto v.per Levate,182,BG,Osio Sotto,N,06-04-2000,Present,5052072,547691,45.62055568,9.61173782,POINT (9.61173782 45.62055568),,,,
20358,Particelle sospese PM2.5,µg/m³,504,Sesto San Giovanni v. Cesare da Sesto,139,MI,Sesto San Giovanni,N,01-01-2017,Present,5042386,518435,45.53476819,9.23610903,POINT (9.23610903 45.53476819),,,,
5575,Biossido di Azoto,µg/m³,572,Morbegno v.Cortivacci,262,SO,Morbegno,N,13-01-1999,Present,5108901,543736,46.135486,9.56624,POINT (9.56624 46.135486),,,,
5710,Ozono,µg/m³,544,Cormano v. Edison,153,MI,Cormano,N,03-11-1994,Present,5044180,512693,45.547597,9.166983,POINT (9.166983 45.547597),,,,
10343,PM10 (SM2005),µg/m³,708,Parona v. della Miseria,112,PV,Parona,N,28-09-2007,Present,5014300,480733,45.28194289,8.75433614,POINT (8.75433614 45.28194289),,,,
20429,PM10 (SM2005),µg/m³,501,Milano v.Marche,129,MI,Milano,N,01-01-2018,Present,5038105,514918,45.49631883,9.19093444,POINT (9.19093444 45.49631883),,,,
6918,PM10 (SM2005),µg/m³,560,Varese v.Copelli,383,VA,Varese,N,17-07-2003,Present,5073728,486035,45.8169745,8.82024911,POINT (8.82024911 45.8169745),,,,
12584,PM10 (SM2005),µg/m³,627,Cremona P.zza Cadorna,39,CR,Cremona,N,01-01-2012,Present,4998110,579872,45.13195042,10.01574064,POINT (10.01574064 45.13195042),,,,
20428,PM10 (SM2005),µg/m³,683,Cassano d'Adda 2-v.Milano,133,MI,Cassano d'Adda,S,19-12-2017,07-04-2024,5041567,540293,45.52647322,9.515991,POINT (9.515991 45.52647322),,,,
6690,Ossidi di Azoto,µg/m³,642,Pavia v. Folperti,77,PV,Pavia,N,01-06-2002,Present,5004590,512932,45.19468231,9.16464919,POINT (9.16464919 45.19468231),,,,
10038,Biossido di Azoto,µg/m³,687,Ferno v.Di Dio,215,VA,Ferno,N,06-11-2006,Present,5051773,481053,45.61924753,8.75697656,POINT (8.75697656 45.61924753),,,,
6962,PM10 (SM2005),µg/m³,595,Filago v.Don Milani,190,BG,Filago,N,14-10-2004,Present,5053519,543342,45.63387247,9.55609572,POINT (9.55609572 45.63387247),,,,
17127,Benzene,µg/m³,501,Milano v.Marche,129,MI,Milano,N,13-09-2012,Present,5038105,514918,45.49631883,9.19093444,POINT (9.19093444 45.49631883),,,,
10025,Ozono,µg/m³,685,Calusco d'Adda v. Caduti sul Lavoro,273,BG,Calusco d'Adda,N,30-06-2006,Present,5059767,537706,45.69043647,9.48426111,POINT (9.48426111 45.69043647),,,,
10197,Particelle sospese PM2.5,µg/m³,697,Borgofranco sul Po loc. Bonizzo,14,MN,Borgofranco sul Po,N,01-12-2006,Present,4990430,671752,45.04650286,11.18094889,POINT (11.18094889 45.04650286),,,,
6374,Ossidi di Azoto,µg/m³,571,Bormio v.Monte Braulio,1225,SO,Bormio,N,01-11-1993,Present,5147136,605598,46.46952397,10.37543275,POINT (10.37543275 46.46952397),,,,
5965,Biossido di Azoto,µg/m³,633,Soresina v. Landriani,70,CR,Soresina,N,16-10-1999,Present,5014860,567712,45.28398,9.86340258,POINT (9.86340258 45.28398),,,,
20082,Ammoniaca,µg/m³,573,Colico v.La Madoneta,229,LC,Colico,N,20-11-2013,Present,5109468,529713,46.1381409,9.38468725,POINT (9.38468725 46.1381409),,,,
9968,Ossidi di Azoto,µg/m³,679,Valmadrera v.Pozzi,247,LC,Valmadrera,N,16-02-2006,Present,5076576,527307,45.84221272,9.35166247,POINT (9.35166247 45.84221272),,,,
20455,BlackCarbon,µg/m³,501,Milano v.Marche,129,MI,Milano,N,25-11-2020,Present,5038105,514918,45.49631883,9.19093444,POINT (9.19093444 45.49631883),,,,
6931,PM10 (SM2005),µg/m³,583,Bergamo v.Meucci,249,BG,Bergamo,N,03-07-2000,Present,5059922,550116,45.691044,9.64366225,POINT (9.64366225 45.691044),,,,
6841,Biossido di Azoto,µg/m³,659,Odolo v.Praes,349,BS,Odolo,N,13-12-2013,Present,5055661,608260,45.64605175,10.38929672,POINT (10.38929672 45.64605175),,,,
12601,Nikel,ng/m³,655,Darfo Boario Terme v. De Amicis,221,BS,Darfo Boario Terme,S,18-04-2008,31-12-2022,5080789,591371,45.87460256,10.17736553,POINT (10.17736553 45.87460256),,,,
20401,Benzene,µg/m³,571,Bormio v.Monte Braulio,1225,SO,Bormio,N,21-02-2017,Present,5147136,605598,46.46952397,10.37543275,POINT (10.37543275 46.46952397),,,,
5842,Monossido di Carbonio,mg/m³,571,Bormio v.Monte Braulio,1225,SO,Bormio,N,02-11-1993,Present,5147136,605598,46.46952397,10.37543275,POINT (10.37543275 46.46952397),,,,
9772,Benzene,µg/m³,600,Lodi v.Vignati,80,LO,Lodi,N,23-04-2005,Present,5017060,538042,45.30601628,9.48527511,POINT (9.48527511 45.30601628),,,,
6587,Biossido di Zolfo,µg/m³,574,Lecco v. Amendola,214,LC,Lecco,N,17-02-1991,Present,5077479,530713,45.85019631,9.39558125,POINT (9.39558125 45.85019631),,,,
20104,Particelle sospese PM2.5,µg/m³,592,Treviglio p.zza Insurrezione,191,BG,Treviglio,N,01-03-2015,Present,5040815,546236,45.51933533,9.59201917,POINT (9.59201917 45.51933533),,,,
12664,Piombo,ng/m³,681,Moggio Loc. Penscei,1194,LC,Moggio,N,14-06-2008,Present,5084478,538586,45.91279097,9.49754261,POINT (9.49754261 45.91279097),,,,
6338,Ossidi di Azoto,µg/m³,545,Motta Visconti v. De Gasperi,100,MI,Motta Visconti,N,17-03-1998,Present,5014273,499103,45.28196356,8.98857592,POINT (8.98857592 45.28196356),,,,
5601,Biossido di Azoto,µg/m³,598,San Rocco al Porto v.Matteotti,50,LO,San Rocco al Porto,N,24-01-2002,Present,4992297,555154,45.08199189,9.70079278,POINT (9.70079278 45.08199189),,,,
5989,Benzene,µg/m³,584,Bergamo v.Garibaldi,249,BG,Bergamo,N,02-08-1997,Present,5060449,551482,45.69568669,9.66126061,POINT (9.66126061 45.69568669),,,,
10176,Particelle sospese PM2.5,µg/m³,703,Schivenoglia v. Malpasso,,MN,Schivenoglia,N,13-12-2006,Present,4986922,663580,45.01688067,11.07609728,POINT (11.07609728 45.01688067),,,,
10331,Biossido di Azoto,µg/m³,709,Vigevano v.Valletta,109,PV,Vigevano,N,08-08-2007,Present,5016690,487833,45.30361483,8.84480578,POINT (8.84480578 45.30361483),,,,
9993,Biossido di Azoto,µg/m³,682,Ferrera Erbognone ENI,88,PV,Ferrera Erbognone,N,21-01-2006,Present,4995567,490094,45.11351117,8.87407772,POINT (8.87407772 45.11351117),,,,
10580,Biossido di Zolfo,µg/m³,627,Cremona P.zza Cadorna,39,CR,Cremona,N,01-09-2010,Present,4998110,579872,45.13195042,10.01574064,POINT (10.01574064 45.13195042),,,,
12696,Nikel,ng/m³,609,Casirate d'Adda v. Cimitero,108,BG,Casirate d'Adda,N,24-04-2008,Present,5038450,543458,45.49822794,9.55624181,POINT (9.55624181 45.49822794),,,,
12608,Arsenico,ng/m³,546,Magenta v. F. Turati,137,MI,Magenta,N,15-04-2008,Present,5034328,490635,45.46242074,8.88021388,POINT (8.88021388 45.46242074),,,,
12020,Ozono,µg/m³,1297,Spinadesco v.Battisti,48,CR,Spinadesco,N,04-02-2011,Present,5000087,573153,45.15047339,9.93059842,POINT (9.93059842 45.15047339),,,,
10326,Biossido di Azoto,µg/m³,708,Parona v. della Miseria,112,PV,Parona,N,01-10-2007,Present,5014300,480733,45.28194289,8.75433614,POINT (8.75433614 45.28194289),,,,
12610,Piombo,ng/m³,546,Magenta v. F. Turati,137,MI,Magenta,N,15-04-2008,Present,5034328,490635,45.46242074,8.88021388,POINT (8.88021388 45.46242074),,,,
6268,Ossidi di Azoto,µg/m³,600,Lodi v.Vignati,80,LO,Lodi,N,30-12-1999,Present,5017060,538042,45.30601628,9.48527511,POINT (9.48527511 45.30601628),,,,
10483,PM10 (SM2005),µg/m³,1265,Lodi S.Alberto,76,LO,Lodi,N,03-08-2009,Present,5016706,538829,45.30278678,9.49528589,POINT (9.49528589 45.30278678),,,,
10501,PM10 (SM2005),µg/m³,655,Darfo Boario Terme v. De Amicis,221,BS,Darfo Boario Terme,S,23-12-2008,12-07-2023,5080789,591371,45.87460256,10.17736553,POINT (10.17736553 45.87460256),,,,
5610,Biossido di Azoto,µg/m³,607,Abbadia Cerreto v. Fanfulla,64,LO,Abbadia Cerreto,N,13-01-2000,Present,5017500,545920,45.30950506,9.58580022,POINT (9.58580022 45.30950506),,,,
6955,PM10 (SM2005),µg/m³,663,Mantova v.Ariosto,18,MN,Mantova,N,01-01-2003,Present,5000669,641770,45.14526864,10.80333489,POINT (10.80333489 45.14526864),,,,
5531,Biossido di Azoto,µg/m³,528,Milano Verziere,116,MI,Milano,N,24-11-1988,Present,5034443,515270,45.46334886,9.19532511,POINT (9.19532511 45.46334886),,,,
12624,Nikel,ng/m³,705,Milano Pascal Città Studi,122,MI,Milano,N,01-04-2008,Present,5036190,518405,45.478347,9.231667,POINT (9.231667 45.478347),,,,
6953,PM10 (SM2005),µg/m³,659,Odolo v.Praes,349,BS,Odolo,N,23-06-2000,Present,5055661,608260,45.64605175,10.38929672,POINT (10.38929672 45.64605175),,,,
12603,Cadmio,ng/m³,655,Darfo Boario Terme v. De Amicis,221,BS,Darfo Boario Terme,S,18-04-2008,31-12-2022,5080789,591371,45.87460256,10.17736553,POINT (10.17736553 45.87460256),,,,
9854,Monossido di Carbonio,mg/m³,672,Cornale v.Libertà,74,PV,Cornale,N,29-07-2005,Present,4987406,493238,45.04008561,8.91415717,POINT (8.91415717 45.04008561),,,,
6691,Ozono,µg/m³,642,Pavia v. Folperti,77,PV,Pavia,N,01-06-2002,Present,5004590,512932,45.19468231,9.16464919,POINT (9.16464919 45.19468231),,,,
12602,Arsenico,ng/m³,655,Darfo Boario Terme v. De Amicis,221,BS,Darfo Boario Terme,S,18-04-2008,31-12-2022,5080789,591371,45.87460256,10.17736553,POINT (10.17736553 45.87460256),,,,
12662,Arsenico,ng/m³,681,Moggio Loc. Penscei,1194,LC,Moggio,N,14-06-2008,Present,5084478,538586,45.91279097,9.49754261,POINT (9.49754261 45.91279097),,,,
5520,Biossido di Azoto,µg/m³,517,Turbigo,141,MI,Turbigo,N,11-01-1990,Present,5041480,479423,45.52655611,8.73650211,POINT (8.73650211 45.52655611),,,,
6380,Ossidi di Azoto,µg/m³,572,Morbegno v.Cortivacci,262,SO,Morbegno,N,13-01-1999,Present,5108901,543736,46.135486,9.56624,POINT (9.56624 46.135486),,,,
5598,Biossido di Azoto,µg/m³,595,Filago v.Don Milani,190,BG,Filago,N,06-03-1992,Present,5053519,543342,45.63387247,9.55609572,POINT (9.55609572 45.63387247),,,,
6005,Benzene,µg/m³,627,Cremona P.zza Cadorna,39,CR,Cremona,N,16-05-2002,Present,4998110,579872,45.13195042,10.01574064,POINT (10.01574064 45.13195042),,,,
20031,Ammoniaca,µg/m³,693,Sannazzaro de' Burgondi v.Traversi,85,PV,Sannazzaro de' Burgondi,N,24-10-2013,Present,4994371,492461,45.10277464,8.90418742,POINT (8.90418742 45.10277464),,,,
5549,Biossido di Azoto,µg/m³,546,Magenta v. F. Turati,137,MI,Magenta,N,22-04-1995,Present,5034328,490635,45.46242074,8.88021388,POINT (8.88021388 45.46242074),,,,
12574,Particelle sospese PM2.5,µg/m³,693,Sannazzaro de' Burgondi v.Traversi,85,PV,Sannazzaro de' Burgondi,N,07-01-2013,Present,4994371,492461,45.10277464,8.90418742,POINT (8.90418742 45.10277464),,,,
9873,Particelle sospese PM2.5,µg/m³,554,Saronno v.Santuario,212,VA,Saronno,N,11-12-2005,Present,5052646,502058,45.62735705,9.02640138,POINT (9.02640138 45.62735705),,,,
6929,PM10 (SM2005),µg/m³,576,Merate v. Madonna di Loreto,279,LC,Merate,N,01-01-2000,Present,5060569,531623,45.69795956,9.40619194,POINT (9.40619194 45.69795956),,,,
12641,Benzo(a)pirene,ng/m³,548,Milano v.Senato,118,MI,Milano,N,10-07-2008,Present,5035238,515435,45.470501,9.19746075,POINT (9.19746075 45.470501),,,,
5814,Monossido di Carbonio,mg/m³,551,Arconate v. De Gasperi,182,MI,Arconate,N,20-01-1999,Present,5043898,488082,45.54852147,8.84732669,POINT (8.84732669 45.54852147),,,,
10079,Biossido di Azoto,µg/m³,695,Ponti sul Mincio v.San Martino,113,MN,Ponti sul Mincio,N,20-12-2006,Present,5030184,631718,45.41277633,10.68336214,POINT (10.68336214 45.41277633),,,,
10458,Biossido di Azoto,µg/m³,1266,Bertonico v.Moro,65,LO,Bertonico,N,03-08-2009,Present,5009105,552297,45.23349689,9.66625758,POINT (9.66625758 45.23349689),,,,
10037,Ossidi di Azoto,µg/m³,687,Ferno v.Di Dio,215,VA,Ferno,N,06-11-2006,Present,5051773,481053,45.61924753,8.75697656,POINT (8.75697656 45.61924753),,,,
20020,Ammoniaca,µg/m³,705,Milano Pascal Città Studi,122,MI,Milano,N,30-03-2007,Present,5036190,518405,45.478347,9.231667,POINT (9.231667 45.478347),,,,
6958,PM10 (SM2005),µg/m³,569,Sondrio v.Mazzini,307,SO,Sondrio,N,08-12-1999,Present,5113078,567173,46.16797103,9.87014581,POINT (9.87014581 46.16797103),,,,
5807,Monossido di Carbonio,mg/m³,576,Merate v. Madonna di Loreto,279,LC,Merate,S,24-12-1991,01-01-2018,5060569,531623,45.69795956,9.40619194,POINT (9.40619194 45.69795956),,,,
6057,Benzene,µg/m³,548,Milano v.Senato,118,MI,Milano,N,01-01-1999,Present,5035238,515435,45.470501,9.19746075,POINT (9.19746075 45.470501),,,,
10259,Benzene,µg/m³,569,Sondrio v.Mazzini,307,SO,Sondrio,N,19-09-2006,Present,5113078,567173,46.16797103,9.87014581,POINT (9.87014581 46.16797103),,,,
12622,Piombo,ng/m³,542,Meda v. Gagarin,222,MB,Meda,N,18-04-2008,Present,5056480,512203,45.660992,9.160225,POINT (9.160225 45.660992),,,,
6871,Biossido di Azoto,µg/m³,663,Mantova v.Ariosto,18,MN,Mantova,N,01-01-2003,Present,5000669,641770,45.14526864,10.80333489,POINT (10.80333489 45.14526864),,,,
17037,Benzo(a)pirene,ng/m³,583,Bergamo v.Meucci,249,BG,Bergamo,N,14-01-2012,Present,5059922,550116,45.691044,9.64366225,POINT (9.64366225 45.691044),,,,
10584,Ozono,µg/m³,1274,Perledo P.zza della stazione,212,LC,Perledo,N,01-09-2010,Present,5095846,522171,46.01583272,9.28641942,POINT (9.28641942 46.01583272),,,,
12626,Cadmio,ng/m³,705,Milano Pascal Città Studi,122,MI,Milano,N,01-04-2008,Present,5036190,518405,45.478347,9.231667,POINT (9.231667 45.478347),,,,
5844,Monossido di Carbonio,mg/m³,572,Morbegno v.Cortivacci,262,SO,Morbegno,S,13-01-1999,17-01-2023,5108901,543736,46.135486,9.56624,POINT (9.56624 46.135486),,,,
5698,Biossido di Zolfo,µg/m³,604,Tavazzano con Villavesco v.Cascina Bagnolo,85,LO,Tavazzano con Villavesco,N,13-01-2000,Present,5019734,532492,45.33036444,9.41464375,POINT (9.41464375 45.33036444),,,,
12609,Cadmio,ng/m³,546,Magenta v. F. Turati,137,MI,Magenta,N,15-04-2008,Present,5034328,490635,45.46242074,8.88021388,POINT (8.88021388 45.46242074),,,,
5835,Monossido di Carbonio,mg/m³,504,Sesto San Giovanni v. Cesare da Sesto,139,MI,Sesto San Giovanni,N,29-04-1990,Present,5042386,518435,45.53476819,9.23610903,POINT (9.23610903 45.53476819),,,,
5545,Biossido di Azoto,µg/m³,542,Meda v. Gagarin,222,MB,Meda,N,01-11-1995,Present,5056480,512203,45.660992,9.160225,POINT (9.160225 45.660992),,,,
6912,PM10 (SM2005),µg/m³,546,Magenta v. F. Turati,137,MI,Magenta,N,25-02-1998,Present,5034328,490635,45.46242074,8.88021388,POINT (8.88021388 45.46242074),,,,
6418,Monossido di Carbonio,mg/m³,629,Crema v.XI febbraio,79,CR,Crema,S,17-05-1996,01-01-2023,5023885,555127,45.36631075,9.70395139,POINT (9.70395139 45.36631075),,,,
12591,Piombo,ng/m³,669,Brescia Villaggio Sereno,70,BS,Brescia,N,01-04-2008,Present,5040636,593101,45.51306214,10.19190606,POINT (10.19190606 45.51306214),,,,
17041,Piombo,ng/m³,583,Bergamo v.Meucci,249,BG,Bergamo,N,13-01-2012,Present,5059922,550116,45.691044,9.64366225,POINT (9.64366225 45.691044),,,,
20443,Biossido di Azoto,µg/m³,681,Moggio Loc. Penscei,1194,LC,Moggio,N,16-03-2007,Present,5084478,538586,45.91279097,9.49754261,POINT (9.49754261 45.91279097),,,,
6208,Ossidi di Azoto,µg/m³,595,Filago v.Don Milani,190,BG,Filago,N,06-03-1992,Present,5053519,543342,45.63387247,9.55609572,POINT (9.55609572 45.63387247),,,,
20004,BlackCarbon,µg/m³,705,Milano Pascal Città Studi,122,MI,Milano,N,30-09-2013,Present,5036190,518405,45.478347,9.231667,POINT (9.231667 45.478347),,,,
12615,Cadmio,ng/m³,670,Mantova S.Agnese,22,MN,Mantova,N,19-02-2008,Present,5002356,641122,45.16057658,10.79557331,POINT (10.79557331 45.16057658),,,,
6817,Ossidi di Azoto,µg/m³,656,Gambara v.Parma,47,BS,Gambara,N,01-01-1990,Present,5011493,601945,45.24955194,10.29913,POINT (10.29913 45.24955194),,,,
12022,Particelle sospese PM2.5,µg/m³,1297,Spinadesco v.Battisti,48,CR,Spinadesco,N,16-02-2011,Present,5000087,573153,45.15047339,9.93059842,POINT (9.93059842 45.15047339),,,,
6582,Ozono,µg/m³,561,Como v.Cattaneo,202,CO,Como,N,17-02-1991,Present,5073500,505203,45.81504217,9.06697886,POINT (9.06697886 45.81504217),,,,
6400,Ossidi di Azoto,µg/m³,560,Varese v.Copelli,383,VA,Varese,N,07-08-2003,Present,5073728,486035,45.8169745,8.82024911,POINT (8.82024911 45.8169745),,,,
6908,PM10 (SM2005),µg/m³,531,Pioltello Limito,114,MI,Pioltello,N,21-02-1998,Present,5036730,525583,45.48363242,9.32736196,POINT (9.32736196 45.48363242),,,,
6386,Ossidi di Azoto,µg/m³,558,Busto Arsizio  Accam,206,VA,Busto Arsizio,N,06-12-1998,Present,5047718,487687,45.58289429,8.84216546,POINT (8.84216546 45.58289429),,,,
12669,Cadmio,ng/m³,703,Schivenoglia v. Malpasso,,MN,Schivenoglia,N,23-02-2008,Present,4986922,663580,45.01688067,11.07609728,POINT (11.07609728 45.01688067),,,,
12684,Nikel,ng/m³,633,Soresina v. Landriani,70,CR,Soresina,N,01-04-2008,Present,5014860,567712,45.28398,9.86340258,POINT (9.86340258 45.28398),,,,
9976,PM10 (SM2005),µg/m³,679,Valmadrera v.Pozzi,247,LC,Valmadrera,N,11-02-2006,Present,5076576,527307,45.84221272,9.35166247,POINT (9.35166247 45.84221272),,,,
10095,Ossidi di Azoto,µg/m³,697,Borgofranco sul Po loc. Bonizzo,14,MN,Borgofranco sul Po,N,29-11-2006,Present,4990430,671752,45.04650286,11.18094889,POINT (11.18094889 45.04650286),,,,
6218,Ossidi di Azoto,µg/m³,583,Bergamo v.Meucci,249,BG,Bergamo,N,01-06-1989,Present,5059922,550116,45.691044,9.64366225,POINT (9.64366225 45.691044),,,,
5959,Biossido di Zolfo,µg/m³,629,Crema v.XI febbraio,79,CR,Crema,S,01-11-1992,31-12-2022,5023885,555127,45.36631075,9.70395139,POINT (9.70395139 45.36631075),,,,
12614,Arsenico,ng/m³,670,Mantova S.Agnese,22,MN,Mantova,N,19-02-2008,Present,5002356,641122,45.16057658,10.79557331,POINT (10.79557331 45.16057658),,,,
5719,Ozono,µg/m³,542,Meda v. Gagarin,222,MB,Meda,S,01-11-1995,12-10-2023,5056480,512203,45.660992,9.160225,POINT (9.160225 45.660992),,,,
6952,PM10 (SM2005),µg/m³,654,Sarezzo v.Minelli,269,BS,Sarezzo,N,23-06-2000,Present,5055826,593900,45.64962671,10.20509022,POINT (10.20509022 45.64962671),,,,
6872,Biossido di Zolfo,µg/m³,663,Mantova v.Ariosto,18,MN,Mantova,N,01-01-2003,Present,5000669,641770,45.14526864,10.80333489,POINT (10.80333489 45.14526864),,,,
6947,PM10 (SM2005),µg/m³,643,Pavia p.zza Minerva,77,PV,Pavia,N,06-06-2002,Present,5003660,511522,45.18633544,9.14667703,POINT (9.14667703 45.18633544),,,,
6346,Ossidi di Azoto,µg/m³,514,Rho via Buon Gesù,152,MI,Rho,N,03-10-1991,Present,5041100,503483,45.52342919,9.0446025,POINT (9.0446025 45.52342919),,,,
12604,Piombo,ng/m³,655,Darfo Boario Terme v. De Amicis,221,BS,Darfo Boario Terme,S,18-04-2008,31-12-2022,5080789,591371,45.87460256,10.17736553,POINT (10.17736553 45.87460256),,,,
10018,Benzene,µg/m³,685,Calusco d'Adda v. Caduti sul Lavoro,273,BG,Calusco d'Adda,N,30-06-2006,Present,5059767,537706,45.69043647,9.48426111,POINT (9.48426111 45.69043647),,,,
10019,Biossido di Azoto,µg/m³,685,Calusco d'Adda v. Caduti sul Lavoro,273,BG,Calusco d'Adda,N,30-06-2006,Present,5059767,537706,45.69043647,9.48426111,POINT (9.48426111 45.69043647),,,,
30158,Particelle sospese PM2.5,µg/m³,649,Brescia v.Broletto,149,BS,Brescia,N,13-12-2013,Present,5043674,595467,45.54006456,10.22281989,POINT (10.22281989 45.54006456),,,,
20493,Ossidi di Azoto,µg/m³,1801,Brescia v.Tartaglia,151,BS,Brescia,N,,Present,5043948,594556,45.54264789,10.21120522,POINT (10.21120522 45.54264789),,,,
5725,Ozono,µg/m³,528,Milano Verziere,116,MI,Milano,N,20-09-1988,Present,5034443,515270,45.46334886,9.19532511,POINT (9.19532511 45.46334886),,,,
6803,Ossidi di Azoto,µg/m³,654,Sarezzo v.Minelli,269,BS,Sarezzo,N,01-01-1990,Present,5055826,593900,45.64962671,10.20509022,POINT (10.20509022 45.64962671),,,,
20497,Benzene,µg/m³,1801,Brescia v.Tartaglia,151,BS,Brescia,N,07-12-2020,Present,5043948,594556,45.54264789,10.21120522,POINT (10.21120522 45.54264789),,,,
6276,Ossidi di Azoto,µg/m³,606,San Giuliano Milanese via Milano,97,MI,San Giuliano Milanese,N,13-01-2000,Present,5027003,522127,45.39619767,9.28269897,POINT (9.28269897 45.39619767),,,,
17293,PM10 (SM2005),µg/m³,1264,Sondrio v.Paribelli,290,SO,Sondrio,N,09-10-2012,Present,5113073,567873,46.16785664,9.87921169,POINT (9.87921169 46.16785664),,,,
5579,Biossido di Azoto,µg/m³,576,Merate v. Madonna di Loreto,279,LC,Merate,N,18-02-1991,Present,5060569,531623,45.69795956,9.40619194,POINT (9.40619194 45.69795956),,,,
6706,Ossidi di Azoto,µg/m³,643,Pavia p.zza Minerva,77,PV,Pavia,N,03-03-2002,Present,5003660,511522,45.18633544,9.14667703,POINT (9.14667703 45.18633544),,,,
9918,Ossidi di Azoto,µg/m³,664,Mantova p.zza Gramsci,18,MN,Mantova,N,08-06-2004,Present,5001351,640031,45.15175186,10.78141717,POINT (10.78141717 45.15175186),,,,
10431,Ossidi di Azoto,µg/m³,1264,Sondrio v.Paribelli,290,SO,Sondrio,N,11-11-2008,Present,5113073,567873,46.16785664,9.87921169,POINT (9.87921169 46.16785664),,,,
5554,Biossido di Azoto,µg/m³,551,Arconate v. De Gasperi,182,MI,Arconate,N,20-01-1999,Present,5043898,488082,45.54852147,8.84732669,POINT (8.84732669 45.54852147),,,,
9835,PM10 (SM2005),µg/m³,664,Mantova p.zza Gramsci,18,MN,Mantova,N,28-12-2004,Present,5001351,640031,45.15175186,10.78141717,POINT (10.78141717 45.15175186),,,,
6398,Ossidi di Azoto,µg/m³,554,Saronno v.Santuario,212,VA,Saronno,N,28-03-1997,Present,5052646,502058,45.62735705,9.02640138,POINT (9.02640138 45.62735705),,,,
12671,Benzo(a)pirene,ng/m³,703,Schivenoglia v. Malpasso,,MN,Schivenoglia,N,22-02-2008,Present,4986922,663580,45.01688067,11.07609728,POINT (11.07609728 45.01688067),,,,
12600,Benzo(a)pirene,ng/m³,609,Casirate d'Adda v. Cimitero,108,BG,Casirate d'Adda,N,24-04-2008,Present,5038450,543458,45.49822794,9.55624181,POINT (9.55624181 45.49822794),,,,
20155,PM10 (SM2005),µg/m³,690,Mezzana Bigli loc. Casoni,73,PV,Mezzana Bigli,N,20-11-2013,Present,4990697,489679,45.06966728,8.86890217,POINT (8.86890217 45.06966728),,,,
5691,Biossido di Zolfo,µg/m³,608,Codogno v.Trento,59,LO,Codogno,S,13-01-2000,31-12-2022,5000892,554872,45.15937678,9.69815314,POINT (9.69815314 45.15937678),,,,
30162,Ossidi di Azoto,µg/m³,669,Brescia Villaggio Sereno,70,BS,Brescia,N,22-01-2013,Present,5040636,593101,45.51306214,10.19190606,POINT (10.19190606 45.51306214),,,,
10484,PM10 (SM2005),µg/m³,1266,Bertonico v.Moro,65,LO,Bertonico,N,03-08-2009,Present,5009105,552297,45.23349689,9.66625758,POINT (9.66625758 45.23349689),,,,
10581,Biossido di Azoto,µg/m³,1274,Perledo P.zza della stazione,212,LC,Perledo,N,01-09-2010,Present,5095846,522171,46.01583272,9.28641942,POINT (9.28641942 46.01583272),,,,
12694,Benzo(a)pirene,ng/m³,560,Varese v.Copelli,383,VA,Varese,N,02-04-2008,Present,5073728,486035,45.8169745,8.82024911,POINT (8.82024911 45.8169745),,,,
5805,Monossido di Carbonio,mg/m³,574,Lecco v. Amendola,214,LC,Lecco,N,17-02-1991,Present,5077479,530713,45.85019631,9.39558125,POINT (9.39558125 45.85019631),,,,
20523,Ammoniaca,µg/m³,583,Bergamo v.Meucci,249,BG,Bergamo,N,29-10-2021,Present,5059922,550116,45.691044,9.64366225,POINT (9.64366225 45.691044),,,,
12029,Particelle sospese PM2.5,µg/m³,706,Lecco v.Sora,272,LC,Lecco,N,31-12-2000,Present,5078987,531045,45.86375372,9.39995481,POINT (9.39995481 45.86375372),,,,
12623,Benzo(a)pirene,ng/m³,542,Meda v. Gagarin,222,MB,Meda,N,18-04-2008,Present,5056480,512203,45.660992,9.160225,POINT (9.160225 45.660992),,,,
17162,Particelle sospese PM2.5,µg/m³,681,Moggio Loc. Penscei,1194,LC,Moggio,N,20-10-2012,Present,5084478,538586,45.91279097,9.49754261,POINT (9.49754261 45.91279097),,,,
17288,Ozono,µg/m³,1374,Monza Parco,181,MB,Monza,N,09-02-2013,Present,5049780,521452,45.603072,9.276156,POINT (9.276156 45.603072),,,,
12637,Nikel,ng/m³,548,Milano v.Senato,118,MI,Milano,N,09-07-2008,Present,5035238,515435,45.470501,9.19746075,POINT (9.19746075 45.470501),,,,
20494,Monossido di Azoto,µg/m³,1801,Brescia v.Tartaglia,151,BS,Brescia,N,,Present,5043948,594556,45.54264789,10.21120522,POINT (10.21120522 45.54264789),,,,
9859,Monossido di Carbonio,mg/m³,673,Voghera v.Pozzoni,90,PV,Voghera,N,05-07-2005,Present,4982900,500665,44.99955481,9.00844961,POINT (9.00844961 44.99955481),,,,
10167,Biossido di Azoto,µg/m³,703,Schivenoglia v. Malpasso,,MN,Schivenoglia,N,29-11-2006,Present,4986922,663580,45.01688067,11.07609728,POINT (11.07609728 45.01688067),,,,
10335,PM10 (SM2005),µg/m³,709,Vigevano v.Valletta,109,PV,Vigevano,N,08-08-2007,Present,5016690,487833,45.30361483,8.84480578,POINT (8.84480578 45.30361483),,,,
5595,Biossido di Azoto,µg/m³,592,Treviglio p.zza Insurrezione,191,BG,Treviglio,N,02-06-1991,Present,5040815,546236,45.51933533,9.59201917,POINT (9.59201917 45.51933533),,,,
9920,Ossidi di Azoto,µg/m³,665,Viadana v. Cavalli,37,MN,Viadana,N,15-06-2004,Present,4975705,619759,44.92469933,10.51750417,POINT (10.51750417 44.92469933),,,,
29041,Benzene,µg/m³,561,Como v.Cattaneo,202,CO,Como,N,01-08-1996,Present,5073500,505203,45.81504217,9.06697886,POINT (9.06697886 45.81504217),,,,
10329,Ossidi di Azoto,µg/m³,708,Parona v. della Miseria,112,PV,Parona,N,01-10-2007,Present,5014300,480733,45.28194289,8.75433614,POINT (8.75433614 45.28194289),,,,
6804,Ozono,µg/m³,654,Sarezzo v.Minelli,269,BS,Sarezzo,N,12-03-2004,Present,5055826,593900,45.64962671,10.20509022,POINT (10.20509022 45.64962671),,,,
6959,PM10 (SM2005),µg/m³,565,Cantù v.Meucci,369,CO,Cantù,N,01-01-1999,Present,5064150,509783,45.73083728,9.12573936,POINT (9.12573936 45.73083728),,,,
5797,Monossido di Carbonio,mg/m³,565,Cantù v.Meucci,369,CO,Cantù,S,04-10-1993,02-01-2023,5064150,509783,45.73083728,9.12573936,POINT (9.12573936 45.73083728),,,,
10083,PM10 (SM2005),µg/m³,695,Ponti sul Mincio v.San Martino,113,MN,Ponti sul Mincio,N,20-12-2006,Present,5030184,631718,45.41277633,10.68336214,POINT (10.68336214 45.41277633),,,,
17286,Biossido di Azoto,µg/m³,1374,Monza Parco,181,MB,Monza,N,01-05-2013,Present,5049780,521452,45.603072,9.276156,POINT (9.276156 45.603072),,,,
9998,Benzene,µg/m³,683,Cassano d'Adda 2-v.Milano,133,MI,Cassano d'Adda,S,17-02-2006,20-02-2024,5041567,540293,45.52647322,9.515991,POINT (9.515991 45.52647322),,,,
6859,Biossido di Azoto,µg/m³,661,Rezzato v.De Gasperi,147,BS,Rezzato,N,05-08-1992,Present,5041110,604367,45.51571417,10.33624003,POINT (10.33624003 45.51571417),,,,
9917,Ossidi di Azoto,µg/m³,663,Mantova v.Ariosto,18,MN,Mantova,N,05-06-2004,Present,5000669,641770,45.14526864,10.80333489,POINT (10.80333489 45.14526864),,,,
5693,Biossido di Zolfo,µg/m³,600,Lodi v.Vignati,80,LO,Lodi,N,30-12-1999,Present,5017060,538042,45.30601628,9.48527511,POINT (9.48527511 45.30601628),,,,
10278,Ossidi di Azoto,µg/m³,705,Milano Pascal Città Studi,122,MI,Milano,N,16-06-2007,Present,5036190,518405,45.478347,9.231667,POINT (9.231667 45.478347),,,,
5834,Monossido di Carbonio,mg/m³,548,Milano v.Senato,118,MI,Milano,N,01-05-1995,Present,5035238,515435,45.470501,9.19746075,POINT (9.19746075 45.470501),,,,
6927,PM10 (SM2005),µg/m³,574,Lecco v. Amendola,214,LC,Lecco,N,12-05-2000,Present,5077479,530713,45.85019631,9.39558125,POINT (9.39558125 45.85019631),,,,
12675,Cadmio,ng/m³,1264,Sondrio v.Paribelli,290,SO,Sondrio,N,01-04-2008,Present,5113073,567873,46.16785664,9.87921169,POINT (9.87921169 46.16785664),,,,
10506,Benzene,µg/m³,1269,Dalmine v.Verdi,207,BG,Dalmine,N,01-09-2010,Present,5055304,546847,45.64971,9.60123469,POINT (9.60123469 45.64971),,,,
10291,Ammoniaca,µg/m³,681,Moggio Loc. Penscei,1194,LC,Moggio,S,17-03-2007,05-03-2021,5084478,538586,45.91279097,9.49754261,POINT (9.49754261 45.91279097),,,,
5532,Biossido di Azoto,µg/m³,529,Cinisello Balsamo v.Lincoln,149,MI,Cinisello Balsamo,N,24-11-1988,Present,5044335,517778,45.55232831,9.22776572,POINT (9.22776572 45.55232831),,,,
6234,Ossidi di Azoto,µg/m³,564,Erba v. Battisti,279,CO,Erba,N,13-06-2009,Present,5072803,517232,45.8085738,9.2217792,POINT (9.2217792 45.8085738),,,,
6320,Ossidi di Azoto,µg/m³,539,Milano v.Liguria,115,MI,Milano,N,24-10-1991,Present,5032273,513134,45.44386047,9.16794489,POINT (9.16794489 45.44386047),,,,
9860,Ossidi di Azoto,µg/m³,673,Voghera v.Pozzoni,90,PV,Voghera,N,28-07-2005,Present,4982900,500665,44.99955481,9.00844961,POINT (9.00844961 44.99955481),,,,
20465,BlackCarbon,µg/m³,548,Milano v.Senato,118,MI,Milano,N,12-03-2020,Present,5035238,515435,45.470501,9.19746075,POINT (9.19746075 45.470501),,,,
10097,Biossido di Azoto,µg/m³,697,Borgofranco sul Po loc. Bonizzo,14,MN,Borgofranco sul Po,N,29-11-2006,Present,4990430,671752,45.04650286,11.18094889,POINT (11.18094889 45.04650286),,,,
20492,Particelle sospese PM2.5,µg/m³,1800,Brescia S.Polo,124,BS,Brescia,N,07-12-2020,Present,5040227,598141,45.5086668,10.25637025,POINT (10.25637025 45.5086668),,,,
5812,Monossido di Carbonio,mg/m³,606,San Giuliano Milanese via Milano,97,MI,San Giuliano Milanese,N,13-01-2000,Present,5027003,522127,45.39619767,9.28269897,POINT (9.28269897 45.39619767),,,,
6701,Biossido di Azoto,µg/m³,643,Pavia p.zza Minerva,77,PV,Pavia,N,03-03-2002,Present,5003660,511522,45.18633544,9.14667703,POINT (9.14667703 45.18633544),,,,
6781,Biossido di Azoto,µg/m³,652,Brescia v.Turati,154,BS,Brescia,N,13-01-1999,Present,5043626,596168,45.53953611,10.23178722,POINT (10.23178722 45.53953611),,,,
5652,Biossido di Zolfo,µg/m³,558,Busto Arsizio  Accam,206,VA,Busto Arsizio,N,06-12-1998,Present,5047718,487687,45.58289429,8.84216546,POINT (8.84216546 45.58289429),,,,
10405,PM10 (SM2005),µg/m³,584,Bergamo v.Garibaldi,249,BG,Bergamo,N,19-12-2008,Present,5060449,551482,45.69568669,9.66126061,POINT (9.66126061 45.69568669),,,,
12597,Cadmio,ng/m³,609,Casirate d'Adda v. Cimitero,108,BG,Casirate d'Adda,N,24-04-2008,Present,5038450,543458,45.49822794,9.55624181,POINT (9.55624181 45.49822794),,,,
5551,Biossido di Azoto,µg/m³,548,Milano v.Senato,118,MI,Milano,N,21-04-1995,Present,5035238,515435,45.470501,9.19746075,POINT (9.19746075 45.470501),,,,
6246,Ossidi di Azoto,µg/m³,573,Colico v.La Madoneta,229,LC,Colico,N,06-11-1996,Present,5109468,529713,46.1381409,9.38468725,POINT (9.38468725 46.1381409),,,,
5646,Biossido di Zolfo,µg/m³,517,Turbigo,141,MI,Turbigo,S,08-03-1982,08-06-2023,5041480,479423,45.52655611,8.73650211,POINT (8.73650211 45.52655611),,,,
5567,Biossido di Azoto,µg/m³,564,Erba v. Battisti,279,CO,Erba,N,13-06-2009,Present,5072803,517232,45.8085738,9.2217792,POINT (9.2217792 45.8085738),,,,
5561,Biossido di Azoto,µg/m³,558,Busto Arsizio  Accam,206,VA,Busto Arsizio,N,06-12-1998,Present,5047718,487687,45.58289429,8.84216546,POINT (8.84216546 45.58289429),,,,
5557,Biossido di Azoto,µg/m³,554,Saronno v.Santuario,212,VA,Saronno,N,28-03-1997,Present,5052646,502058,45.62735705,9.02640138,POINT (9.02640138 45.62735705),,,,
30163,Biossido di Azoto,µg/m³,669,Brescia Villaggio Sereno,70,BS,Brescia,N,13-12-2013,Present,5040636,593101,45.51306214,10.19190606,POINT (10.19190606 45.51306214),,,,
6330,Ossidi di Azoto,µg/m³,542,Meda v. Gagarin,222,MB,Meda,N,01-11-1995,Present,5056480,512203,45.660992,9.160225,POINT (9.160225 45.660992),,,,
6428,Ossidi di Azoto,µg/m³,633,Soresina v. Landriani,70,CR,Soresina,N,01-01-2002,Present,5014860,567712,45.28398,9.86340258,POINT (9.86340258 45.28398),,,,
12607,Nikel,ng/m³,546,Magenta v. F. Turati,137,MI,Magenta,N,15-04-2008,Present,5034328,490635,45.46242074,8.88021388,POINT (8.88021388 45.46242074),,,,
6761,Biossido di Azoto,µg/m³,649,Brescia v.Broletto,149,BS,Brescia,N,01-01-1983,Present,5043674,595467,45.54006456,10.22281989,POINT (10.22281989 45.54006456),,,,
9861,Ozono,µg/m³,673,Voghera v.Pozzoni,90,PV,Voghera,N,05-07-2005,Present,4982900,500665,44.99955481,9.00844961,POINT (9.00844961 44.99955481),,,,
10002,Monossido di Carbonio,mg/m³,683,Cassano d'Adda 2-v.Milano,133,MI,Cassano d'Adda,S,22-04-2006,31-01-2024,5041567,540293,45.52647322,9.515991,POINT (9.515991 45.52647322),,,,
5958,Biossido di Azoto,µg/m³,629,Crema v.XI febbraio,79,CR,Crema,N,01-11-1992,Present,5023885,555127,45.36631075,9.70395139,POINT (9.70395139 45.36631075),,,,
9972,Ozono,µg/m³,679,Valmadrera v.Pozzi,247,LC,Valmadrera,N,21-02-2006,Present,5076576,527307,45.84221272,9.35166247,POINT (9.35166247 45.84221272),,,,
5826,Monossido di Carbonio,mg/m³,546,Magenta v. F. Turati,137,MI,Magenta,S,22-04-1995,03-10-2023,5034328,490635,45.46242074,8.88021388,POINT (8.88021388 45.46242074),,,,
5611,Biossido di Azoto,µg/m³,608,Codogno v.Trento,59,LO,Codogno,N,13-01-2000,Present,5000892,554872,45.15937678,9.69815314,POINT (9.69815314 45.15937678),,,,
5586,Biossido di Azoto,µg/m³,583,Bergamo v.Meucci,249,BG,Bergamo,N,01-06-1989,Present,5059922,550116,45.691044,9.64366225,POINT (9.64366225 45.691044),,,,
9875,Ossidi di Azoto,µg/m³,674,Monza v.Machiavelli,162,MB,Monza,N,21-10-2005,Present,5047450,521343,45.574117,9.263808,POINT (9.263808 45.574117),,,,
6917,PM10 (SM2005),µg/m³,558,Busto Arsizio  Accam,206,VA,Busto Arsizio,N,20-01-1999,Present,5047718,487687,45.58289429,8.84216546,POINT (8.84216546 45.58289429),,,,
6945,PM10 (SM2005),µg/m³,633,Soresina v. Landriani,70,CR,Soresina,N,04-02-2000,Present,5014860,567712,45.28398,9.86340258,POINT (9.86340258 45.28398),,,,
9802,Biossido di Azoto,µg/m³,670,Mantova S.Agnese,22,MN,Mantova,N,31-12-2004,Present,5002356,641122,45.16057658,10.79557331,POINT (10.79557331 45.16057658),,,,
10286,Biossido di Azoto,µg/m³,706,Lecco v.Sora,272,LC,Lecco,N,27-06-2007,Present,5078987,531045,45.86375372,9.39995481,POINT (9.39995481 45.86375372),,,,
10547,Particelle sospese PM2.5,µg/m³,1269,Dalmine v.Verdi,207,BG,Dalmine,N,26-02-2010,Present,5055304,546847,45.64971,9.60123469,POINT (9.60123469 45.64971),,,,
9856,Ozono,µg/m³,672,Cornale v.Libertà,74,PV,Cornale,N,29-07-2005,Present,4987406,493238,45.04008561,8.91415717,POINT (8.91415717 45.04008561),,,,
6915,PM10 (SM2005),µg/m³,554,Saronno v.Santuario,212,VA,Saronno,N,16-12-2003,Present,5052646,502058,45.62735705,9.02640138,POINT (9.02640138 45.62735705),,,,
5960,Ozono,µg/m³,629,Crema v.XI febbraio,79,CR,Crema,N,28-04-1996,Present,5023885,555127,45.36631075,9.70395139,POINT (9.70395139 45.36631075),,,,
6408,Ossidi di Azoto,µg/m³,626,Corte de' Cortesi con Cignone v. Villa Strada Forca,57,CR,Corte de' Cortesi con Cignone,N,01-01-2002,Present,5014380,578919,45.27848997,10.00620528,POINT (10.00620528 45.27848997),,,,
5832,Monossido di Carbonio,mg/m³,514,Rho via Buon Gesù,152,MI,Rho,S,02-10-1991,04-10-2023,5041100,503483,45.52342919,9.0446025,POINT (9.0446025 45.52342919),,,,
5794,Monossido di Carbonio,mg/m³,584,Bergamo v.Garibaldi,249,BG,Bergamo,N,16-06-1994,Present,5060449,551482,45.69568669,9.66126061,POINT (9.66126061 45.69568669),,,,
9969,Biossido di Azoto,µg/m³,679,Valmadrera v.Pozzi,247,LC,Valmadrera,N,15-02-2006,Present,5076576,527307,45.84221272,9.35166247,POINT (9.35166247 45.84221272),,,,
6951,PM10 (SM2005),µg/m³,649,Brescia v.Broletto,149,BS,Brescia,N,23-09-2000,Present,5043674,595467,45.54006456,10.22281989,POINT (10.22281989 45.54006456),,,,
17285,Ossidi di Azoto,µg/m³,1374,Monza Parco,181,MB,Monza,N,01-05-2013,Present,5049780,521452,45.603072,9.276156,POINT (9.276156 45.603072),,,,
5721,Ozono,µg/m³,545,Motta Visconti v. De Gasperi,100,MI,Motta Visconti,N,17-03-1998,Present,5014273,499103,45.28196356,8.98857592,POINT (8.98857592 45.28196356),,,,
12673,Nikel,ng/m³,1264,Sondrio v.Paribelli,290,SO,Sondrio,N,01-04-2008,Present,5113073,567873,46.16785664,9.87921169,POINT (9.87921169 46.16785664),,,,
5670,Biossido di Zolfo,µg/m³,584,Bergamo v.Garibaldi,249,BG,Bergamo,N,16-06-1994,Present,5060449,551482,45.69568669,9.66126061,POINT (9.66126061 45.69568669),,,,
5587,Biossido di Azoto,µg/m³,584,Bergamo v.Garibaldi,249,BG,Bergamo,N,21-06-1994,Present,5060449,551482,45.69568669,9.66126061,POINT (9.66126061 45.69568669),,,,
9961,PM10 (SM2005),µg/m³,669,Brescia Villaggio Sereno,70,BS,Brescia,N,01-01-2006,Present,5040636,593101,45.51306214,10.19190606,POINT (10.19190606 45.51306214),,,,
20156,Ammoniaca,µg/m³,642,Pavia v. Folperti,77,PV,Pavia,N,20-11-2013,Present,5004590,512932,45.19468231,9.16464919,POINT (9.16464919 45.19468231),,,,
9872,PM10 (SM2005),µg/m³,673,Voghera v.Pozzoni,90,PV,Voghera,N,05-07-2005,Present,4982900,500665,44.99955481,9.00844961,POINT (9.00844961 44.99955481),,,,
6260,Ossidi di Azoto,µg/m³,607,Abbadia Cerreto v. Fanfulla,64,LO,Abbadia Cerreto,N,13-01-2000,Present,5017500,545920,45.30950506,9.58580022,POINT (9.58580022 45.30950506),,,,
12613,Nikel,ng/m³,670,Mantova S.Agnese,22,MN,Mantova,N,19-02-2008,Present,5002356,641122,45.16057658,10.79557331,POINT (10.79557331 45.16057658),,,,
11041,Biossido di Zolfo,µg/m³,674,Monza v.Machiavelli,162,MB,Monza,N,10-02-2011,Present,5047450,521343,45.574117,9.263808,POINT (9.263808 45.574117),,,,
6826,Biossido di Azoto,µg/m³,657,Lonato del Garda v.del Marchesino,180,BS,Lonato del Garda,N,16-02-1990,Present,5035536,615762,45.46375819,10.48078183,POINT (10.48078183 45.46375819),,,,
10098,Biossido di Zolfo,µg/m³,697,Borgofranco sul Po loc. Bonizzo,14,MN,Borgofranco sul Po,S,29-11-2006,01-01-2018,4990430,671752,45.04650286,11.18094889,POINT (11.18094889 45.04650286),,,,
10548,PM10 (SM2005),µg/m³,1269,Dalmine v.Verdi,207,BG,Dalmine,N,26-02-2010,Present,5055304,546847,45.64971,9.60123469,POINT (9.60123469 45.64971),,,,
10016,Biossido di Zolfo,µg/m³,664,Mantova p.zza Gramsci,18,MN,Mantova,N,30-10-2006,Present,5001351,640031,45.15175186,10.78141717,POINT (10.78141717 45.15175186),,,,
9888,Monossido di Carbonio,mg/m³,583,Bergamo v.Meucci,249,BG,Bergamo,S,11-03-2005,01-01-2023,5059922,550116,45.691044,9.64366225,POINT (9.64366225 45.691044),,,,
10438,Particelle sospese PM2.5,µg/m³,1264,Sondrio v.Paribelli,290,SO,Sondrio,N,11-11-2008,Present,5113073,567873,46.16785664,9.87921169,POINT (9.87921169 46.16785664),,,,
10463,Ozono,µg/m³,1266,Bertonico v.Moro,65,LO,Bertonico,N,03-08-2009,Present,5009105,552297,45.23349689,9.66625758,POINT (9.66625758 45.23349689),,,,
5704,Biossido di Zolfo,µg/m³,569,Sondrio v.Mazzini,307,SO,Sondrio,N,01-11-1993,Present,5113078,567173,46.16797103,9.87014581,POINT (9.87014581 46.16797103),,,,
6764,Monossido di Carbonio,mg/m³,649,Brescia v.Broletto,149,BS,Brescia,S,01-01-1983,06-02-2023,5043674,595467,45.54006456,10.22281989,POINT (10.22281989 45.54006456),,,,
6402,Ossidi di Azoto,µg/m³,552,Varese v.Vidoletti,425,VA,Varese,N,23-12-1991,Present,5075945,484773,45.83690156,8.80393486,POINT (8.80393486 45.83690156),,,,
5953,Biossido di Azoto,µg/m³,627,Cremona P.zza Cadorna,39,CR,Cremona,N,12-12-1997,Present,4998110,579872,45.13195042,10.01574064,POINT (10.01574064 45.13195042),,,,
5547,Biossido di Azoto,µg/m³,544,Cormano v. Edison,153,MI,Cormano,N,24-10-1994,Present,5044180,512693,45.547597,9.166983,POINT (9.166983 45.547597),,,,
20216,Biossido di Zolfo,µg/m³,690,Mezzana Bigli loc. Casoni,73,PV,Mezzana Bigli,N,20-01-2006,Present,4990697,489679,45.06966728,8.86890217,POINT (8.86890217 45.06966728),,,,
5630,Biossido di Zolfo,µg/m³,531,Pioltello Limito,114,MI,Pioltello,N,07-05-1989,Present,5036730,525583,45.48363242,9.32736196,POINT (9.32736196 45.48363242),,,,
12693,Piombo,ng/m³,560,Varese v.Copelli,383,VA,Varese,N,01-04-2008,Present,5073728,486035,45.8169745,8.82024911,POINT (8.82024911 45.8169745),,,,
6884,Ozono,µg/m³,665,Viadana v. Cavalli,37,MN,Viadana,N,01-10-2003,Present,4975705,619759,44.92469933,10.51750417,POINT (10.51750417 44.92469933),,,,
10399,Particelle sospese PM2.5,µg/m³,583,Bergamo v.Meucci,249,BG,Bergamo,N,20-12-2008,Present,5059922,550116,45.691044,9.64366225,POINT (9.64366225 45.691044),,,,
20565,PM10 (SM2005),µg/m³,584,Bergamo v.Garibaldi,249,BG,Bergamo,N,19-12-2008,Present,5060449,551482,45.69568669,9.66126061,POINT (9.66126061 45.69568669),,,,
10085,Particelle sospese PM2.5,µg/m³,695,Ponti sul Mincio v.San Martino,113,MN,Ponti sul Mincio,N,12-01-2007,Present,5030184,631718,45.41277633,10.68336214,POINT (10.68336214 45.41277633),,,,
5665,Biossido di Zolfo,µg/m³,595,Filago v.Don Milani,190,BG,Filago,N,07-12-1991,Present,5053519,543342,45.63387247,9.55609572,POINT (9.55609572 45.63387247),,,,
10280,Biossido di Zolfo,µg/m³,705,Milano Pascal Città Studi,122,MI,Milano,N,16-06-2007,Present,5036190,518405,45.478347,9.231667,POINT (9.231667 45.478347),,,,
5750,Ozono,µg/m³,552,Varese v.Vidoletti,425,VA,Varese,N,23-12-1991,Present,5075945,484773,45.83690156,8.80393486,POINT (8.80393486 45.83690156),,,,
5718,Ozono,µg/m³,546,Magenta v. F. Turati,137,MI,Magenta,S,29-07-1995,Present,5034328,490635,45.46242074,8.88021388,POINT (8.88021388 45.46242074),,,,
9928,Biossido di Azoto,µg/m³,677,Cremona Via Fatebenefratelli,43,CR,Cremona,N,11-04-2006,Present,4999315,582066,45.14254358,10.04384767,POINT (10.04384767 45.14254358),,,,
5798,Monossido di Carbonio,mg/m³,561,Como v.Cattaneo,202,CO,Como,N,17-02-1991,Present,5073500,505203,45.81504217,9.06697886,POINT (9.06697886 45.81504217),,,,
17163,Benzene,µg/m³,655,Darfo Boario Terme v. De Amicis,221,BS,Darfo Boario Terme,S,05-10-2012,12-07-2023,5080789,591371,45.87460256,10.17736553,POINT (10.17736553 45.87460256),,,,
12695,Piombo,ng/m³,1264,Sondrio v.Paribelli,290,SO,Sondrio,N,01-04-2008,Present,5113073,567873,46.16785664,9.87921169,POINT (9.87921169 46.16785664),,,,
10013,Particelle sospese PM2.5,µg/m³,576,Merate v. Madonna di Loreto,279,LC,Merate,N,10-09-2006,Present,5060569,531623,45.69795956,9.40619194,POINT (9.40619194 45.69795956),,,,
5828,Monossido di Carbonio,mg/m³,542,Meda v. Gagarin,222,MB,Meda,S,01-11-1995,03-10-2023,5056480,512203,45.660992,9.160225,POINT (9.160225 45.660992),,,,
10171,Ozono,µg/m³,703,Schivenoglia v. Malpasso,,MN,Schivenoglia,N,29-11-2006,Present,4986922,663580,45.01688067,11.07609728,POINT (11.07609728 45.01688067),,,,
12619,Nikel,ng/m³,542,Meda v. Gagarin,222,MB,Meda,N,18-04-2008,Present,5056480,512203,45.660992,9.160225,POINT (9.160225 45.660992),,,,
5742,Ozono,µg/m³,572,Morbegno v.Cortivacci,262,SO,Morbegno,N,24-05-2003,Present,5108901,543736,46.135486,9.56624,POINT (9.56624 46.135486),,,,
6324,Ossidi di Azoto,µg/m³,531,Pioltello Limito,114,MI,Pioltello,N,12-05-1989,Present,5036730,525583,45.48363242,9.32736196,POINT (9.32736196 45.48363242),,,,
6921,PM10 (SM2005),µg/m³,564,Erba v. Battisti,279,CO,Erba,N,13-06-2009,Present,5072803,517232,45.8085738,9.2217792,POINT (9.2217792 45.8085738),,,,
20528,Particelle sospese PM2.5,µg/m³,708,Parona v. della Miseria,112,PV,Parona,N,01-06-2021,Present,5014300,480733,45.28194289,8.75433614,POINT (8.75433614 45.28194289),,,,
12016,Ossidi di Azoto,µg/m³,1297,Spinadesco v.Battisti,48,CR,Spinadesco,N,08-02-2011,Present,5000087,573153,45.15047339,9.93059842,POINT (9.93059842 45.15047339),,,,
5517,Biossido di Azoto,µg/m³,514,Rho via Buon Gesù,152,MI,Rho,N,03-10-1991,Present,5041100,503483,45.52342919,9.0446025,POINT (9.0446025 45.52342919),,,,
10432,Biossido di Azoto,µg/m³,1264,Sondrio v.Paribelli,290,SO,Sondrio,N,04-01-2009,Present,5113073,567873,46.16785664,9.87921169,POINT (9.87921169 46.16785664),,,,
10288,Ozono,µg/m³,706,Lecco v.Sora,272,LC,Lecco,N,28-06-2007,Present,5078987,531045,45.86375372,9.39995481,POINT (9.39995481 45.86375372),,,,
6230,Ossidi di Azoto,µg/m³,565,Cantù v.Meucci,369,CO,Cantù,N,01-07-1994,Present,5064150,509783,45.73083728,9.12573936,POINT (9.12573936 45.73083728),,,,
6366,Ossidi di Azoto,µg/m³,528,Milano Verziere,116,MI,Milano,N,24-11-1988,Present,5034443,515270,45.46334886,9.19532511,POINT (9.19532511 45.46334886),,,,
5631,Biossido di Zolfo,µg/m³,546,Magenta v. F. Turati,137,MI,Magenta,S,22-04-1995,03-10-2023,5034328,490635,45.46242074,8.88021388,POINT (8.88021388 45.46242074),,,,
5542,Biossido di Azoto,µg/m³,539,Milano v.Liguria,115,MI,Milano,N,24-10-1991,Present,5032273,513134,45.44386047,9.16794489,POINT (9.16794489 45.44386047),,,,
6926,PM10 (SM2005),µg/m³,572,Morbegno v.Cortivacci,262,SO,Morbegno,N,14-12-1999,Present,5108901,543736,46.135486,9.56624,POINT (9.56624 46.135486),,,,
20157,Particelle sospese PM2.5,µg/m³,642,Pavia v. Folperti,77,PV,Pavia,N,20-11-2013,Present,5004590,512932,45.19468231,9.16464919,POINT (9.16464919 45.19468231),,,,
6326,Ossidi di Azoto,µg/m³,546,Magenta v. F. Turati,137,MI,Magenta,N,22-04-1995,Present,5034328,490635,45.46242074,8.88021388,POINT (8.88021388 45.46242074),,,,
10023,Monossido di Carbonio,mg/m³,685,Calusco d'Adda v. Caduti sul Lavoro,273,BG,Calusco d'Adda,S,30-06-2006,30-04-2022,5059767,537706,45.69043647,9.48426111,POINT (9.48426111 45.69043647),,,,
9852,Biossido di Azoto,µg/m³,672,Cornale v.Libertà,74,PV,Cornale,N,29-07-2005,Present,4987406,493238,45.04008561,8.91415717,POINT (8.91415717 45.04008561),,,,
9890,PM10 (SM2005),µg/m³,674,Monza v.Machiavelli,162,MB,Monza,N,18-11-2005,Present,5047450,521343,45.574117,9.263808,POINT (9.263808 45.574117),,,,
6686,Biossido di Zolfo,µg/m³,642,Pavia v. Folperti,77,PV,Pavia,N,01-06-2002,Present,5004590,512932,45.19468231,9.16464919,POINT (9.16464919 45.19468231),,,,
6845,Ossidi di Azoto,µg/m³,659,Odolo v.Praes,349,BS,Odolo,N,08-10-1990,Present,5055661,608260,45.64605175,10.38929672,POINT (10.38929672 45.64605175),,,,
9930,Ossidi di Azoto,µg/m³,677,Cremona Via Fatebenefratelli,43,CR,Cremona,N,11-04-2006,Present,4999315,582066,45.14254358,10.04384767,POINT (10.04384767 45.14254358),,,,
12605,Benzo(a)pirene,ng/m³,655,Darfo Boario Terme v. De Amicis,221,BS,Darfo Boario Terme,S,17-04-2008,31-12-2022,5080789,591371,45.87460256,10.17736553,POINT (10.17736553 45.87460256),,,,
20484,Ammoniaca,µg/m³,705,Milano Pascal Città Studi,122,MI,Milano,N,,Present,5036190,518405,45.478347,9.231667,POINT (9.231667 45.478347),,,,
12674,Arsenico,ng/m³,1264,Sondrio v.Paribelli,290,SO,Sondrio,N,01-04-2008,Present,5113073,567873,46.16785664,9.87921169,POINT (9.87921169 46.16785664),,,,
10456,Particelle sospese PM2.5,µg/m³,1265,Lodi S.Alberto,76,LO,Lodi,N,03-08-2009,Present,5016706,538829,45.30278678,9.49528589,POINT (9.49528589 45.30278678),,,,
12616,Piombo,ng/m³,670,Mantova S.Agnese,22,MN,Mantova,N,19-02-2008,Present,5002356,641122,45.16057658,10.79557331,POINT (10.79557331 45.16057658),,,,
9880,Monossido di Carbonio,mg/m³,674,Monza v.Machiavelli,162,MB,Monza,S,21-10-2005,11-10-2023,5047450,521343,45.574117,9.263808,POINT (9.263808 45.574117),,,,
5847,Monossido di Carbonio,mg/m³,558,Busto Arsizio  Accam,206,VA,Busto Arsizio,N,06-12-1998,Present,5047718,487687,45.58289429,8.84216546,POINT (8.84216546 45.58289429),,,,
10081,Ozono,µg/m³,695,Ponti sul Mincio v.San Martino,113,MN,Ponti sul Mincio,N,06-02-2007,Present,5030184,631718,45.41277633,10.68336214,POINT (10.68336214 45.41277633),,,,
10036,Benzene,µg/m³,673,Voghera v.Pozzoni,90,PV,Voghera,N,28-07-2005,Present,4982900,500665,44.99955481,9.00844961,POINT (9.00844961 44.99955481),,,,
5658,Biossido di Zolfo,µg/m³,552,Varese v.Vidoletti,425,VA,Varese,N,23-12-1991,Present,5075945,484773,45.83690156,8.80393486,POINT (8.80393486 45.83690156),,,,
6864,Ossidi di Azoto,µg/m³,661,Rezzato v.De Gasperi,147,BS,Rezzato,N,05-08-1992,Present,5041110,604367,45.51571417,10.33624003,POINT (10.33624003 45.51571417),,,,
9923,Biossido di Zolfo,µg/m³,677,Cremona Via Fatebenefratelli,43,CR,Cremona,S,14-04-2006,31-12-2022,4999315,582066,45.14254358,10.04384767,POINT (10.04384767 45.14254358),,,,
9798,Monossido di Carbonio,mg/m³,670,Mantova S.Agnese,22,MN,Mantova,N,28-12-2004,Present,5002356,641122,45.16057658,10.79557331,POINT (10.79557331 45.16057658),,,,
10001,Ossidi di Azoto,µg/m³,683,Cassano d'Adda 2-v.Milano,133,MI,Cassano d'Adda,N,17-02-2006,Present,5041567,540293,45.52647322,9.515991,POINT (9.515991 45.52647322),,,,
10583,Ossidi di Azoto,µg/m³,1274,Perledo P.zza della stazione,212,LC,Perledo,N,01-09-2010,Present,5095846,522171,46.01583272,9.28641942,POINT (9.28641942 46.01583272),,,,
10491,PM10 (SM2005),µg/m³,681,Moggio Loc. Penscei,1194,LC,Moggio,N,31-03-2009,Present,5084478,538586,45.91279097,9.49754261,POINT (9.49754261 45.91279097),,,,
20495,Biossido di Azoto,µg/m³,1801,Brescia v.Tartaglia,151,BS,Brescia,N,07-12-2020,Present,5043948,594556,45.54264789,10.21120522,POINT (10.21120522 45.54264789),,,,
6904,Ozono,µg/m³,596,Osio Sotto v.per Levate,182,BG,Osio Sotto,N,08-09-2004,Present,5052072,547691,45.62055568,9.61173782,POINT (9.61173782 45.62055568),,,,
10290,PM10 (SM2005),µg/m³,706,Lecco v.Sora,272,LC,Lecco,N,31-12-2000,Present,5078987,531045,45.86375372,9.39995481,POINT (9.39995481 45.86375372),,,,
6228,Ossidi di Azoto,µg/m³,588,Tavernola Bergamasca v.Riva di Sotto,191,BG,Tavernola Bergamasca,N,21-09-1990,Present,5063058,581311,45.71630489,10.04477436,POINT (10.04477436 45.71630489),,,,
6419,Ossidi di Azoto,µg/m³,629,Crema v.XI febbraio,79,CR,Crema,N,01-01-2002,Present,5023885,555127,45.36631075,9.70395139,POINT (9.70395139 45.36631075),,,,
5572,Biossido di Azoto,µg/m³,569,Sondrio v.Mazzini,307,SO,Sondrio,N,01-11-1993,Present,5113078,567173,46.16797103,9.87014581,POINT (9.87014581 46.16797103),,,,
20489,Ossidi di Azoto,µg/m³,1800,Brescia S.Polo,124,BS,Brescia,N,,Present,5040227,598141,45.5086668,10.25637025,POINT (10.25637025 45.5086668),,,,
9857,Biossido di Azoto,µg/m³,673,Voghera v.Pozzoni,90,PV,Voghera,N,28-07-2005,Present,4982900,500665,44.99955481,9.00844961,POINT (9.00844961 44.99955481),,,,
12688,Benzo(a)pirene,ng/m³,633,Soresina v. Landriani,70,CR,Soresina,N,02-04-2008,Present,5014860,567712,45.28398,9.86340258,POINT (9.86340258 45.28398),,,,
5607,Biossido di Azoto,µg/m³,604,Tavazzano con Villavesco v.Cascina Bagnolo,85,LO,Tavazzano con Villavesco,N,13-01-2000,Present,5019734,532492,45.33036444,9.41464375,POINT (9.41464375 45.33036444),,,,
5662,Biossido di Zolfo,µg/m³,592,Treviglio p.zza Insurrezione,191,BG,Treviglio,S,02-06-1991,01-01-2023,5040815,546236,45.51933533,9.59201917,POINT (9.59201917 45.51933533),,,,
20441,Ossidi di Azoto,µg/m³,681,Moggio Loc. Penscei,1194,LC,Moggio,N,17-03-2007,Present,5084478,538586,45.91279097,9.49754261,POINT (9.49754261 45.91279097),,,,
6782,Monossido di Carbonio,mg/m³,652,Brescia v.Turati,154,BS,Brescia,N,12-01-1999,Present,5043626,596168,45.53953611,10.23178722,POINT (10.23178722 45.53953611),,,,
10028,Particelle sospese PM2.5,µg/m³,685,Calusco d'Adda v. Caduti sul Lavoro,273,BG,Calusco d'Adda,N,30-06-2006,Present,5059767,537706,45.69043647,9.48426111,POINT (9.48426111 45.69043647),,,,
12690,Nikel,ng/m³,560,Varese v.Copelli,383,VA,Varese,N,01-04-2008,Present,5073728,486035,45.8169745,8.82024911,POINT (8.82024911 45.8169745),,,,
5732,Ozono,µg/m³,573,Colico v.La Madoneta,229,LC,Colico,N,06-11-1996,Present,5109468,529713,46.1381409,9.38468725,POINT (9.38468725 46.1381409),,,,
6880,Biossido di Azoto,µg/m³,665,Viadana v. Cavalli,37,MN,Viadana,N,25-10-2003,Present,4975705,619759,44.92469933,10.51750417,POINT (10.51750417 44.92469933),,,,
30166,Benzene,µg/m³,652,Brescia v.Turati,154,BS,Brescia,N,01-01-2016,Present,5043626,596168,45.53953611,10.23178722,POINT (10.23178722 45.53953611),,,,
5555,Biossido di Azoto,µg/m³,552,Varese v.Vidoletti,425,VA,Varese,N,24-12-1991,Present,5075945,484773,45.83690156,8.80393486,POINT (8.80393486 45.83690156),,,,
5619,Biossido di Zolfo,µg/m³,544,Cormano v. Edison,153,MI,Cormano,S,26-10-1994,16-09-2023,5044180,512693,45.547597,9.166983,POINT (9.166983 45.547597),,,,
10168,Biossido di Zolfo,µg/m³,703,Schivenoglia v. Malpasso,,MN,Schivenoglia,N,13-12-2006,Present,4986922,663580,45.01688067,11.07609728,POINT (11.07609728 45.01688067),,,,
5738,Ozono,µg/m³,607,Abbadia Cerreto v. Fanfulla,64,LO,Abbadia Cerreto,N,10-04-2001,Present,5017500,545920,45.30950506,9.58580022,POINT (9.58580022 45.30950506),,,,
5749,Ozono,µg/m³,554,Saronno v.Santuario,212,VA,Saronno,N,09-05-1991,Present,5052646,502058,45.62735705,9.02640138,POINT (9.02640138 45.62735705),,,,
5845,Monossido di Carbonio,mg/m³,569,Sondrio v.Mazzini,307,SO,Sondrio,N,01-11-1993,Present,5113078,567173,46.16797103,9.87014581,POINT (9.87014581 46.16797103),,,,
12593,Benzo(a)pirene,ng/m³,669,Brescia Villaggio Sereno,70,BS,Brescia,N,18-04-2008,Present,5040636,593101,45.51306214,10.19190606,POINT (10.19190606 45.51306214),,,,
9882,Ozono,µg/m³,674,Monza v.Machiavelli,162,MB,Monza,N,21-10-2005,Present,5047450,521343,45.574117,9.263808,POINT (9.263808 45.574117),,,,
20042,Ammoniaca,µg/m³,703,Schivenoglia v. Malpasso,,MN,Schivenoglia,N,24-10-2013,Present,4986922,663580,45.01688067,11.07609728,POINT (11.07609728 45.01688067),,,,
10020,Biossido di Zolfo,µg/m³,685,Calusco d'Adda v. Caduti sul Lavoro,273,BG,Calusco d'Adda,N,30-06-2006,Present,5059767,537706,45.69043647,9.48426111,POINT (9.48426111 45.69043647),,,,
6954,PM10 (SM2005),µg/m³,661,Rezzato v.De Gasperi,147,BS,Rezzato,N,27-01-1997,Present,5041110,604367,45.51571417,10.33624003,POINT (10.33624003 45.51571417),,,,
9996,Ossidi di Azoto,µg/m³,682,Ferrera Erbognone ENI,88,PV,Ferrera Erbognone,N,21-01-2006,Present,4995567,490094,45.11351117,8.87407772,POINT (8.87407772 45.11351117),,,,
10273,PM10 (SM2005),µg/m³,705,Milano Pascal Città Studi,122,MI,Milano,N,21-04-2007,Present,5036190,518405,45.478347,9.231667,POINT (9.231667 45.478347),,,,
12598,Piombo,ng/m³,609,Casirate d'Adda v. Cimitero,108,BG,Casirate d'Adda,N,24-04-2008,Present,5038450,543458,45.49822794,9.55624181,POINT (9.55624181 45.49822794),,,,
20034,Biossido di Azoto,µg/m³,693,Sannazzaro de' Burgondi v.Traversi,85,PV,Sannazzaro de' Burgondi,N,16-09-2006,Present,4994371,492461,45.10277464,8.90418742,POINT (8.90418742 45.10277464),,,,
12590,Cadmio,ng/m³,669,Brescia Villaggio Sereno,70,BS,Brescia,N,01-04-2008,Present,5040636,593101,45.51306214,10.19190606,POINT (10.19190606 45.51306214),,,,
6877,Biossido di Azoto,µg/m³,664,Mantova p.zza Gramsci,18,MN,Mantova,N,08-06-2004,Present,5001351,640031,45.15175186,10.78141717,POINT (10.78141717 45.15175186),,,,
10283,Particelle sospese PM2.5,µg/m³,705,Milano Pascal Città Studi,122,MI,Milano,N,29-03-2007,Present,5036190,518405,45.478347,9.231667,POINT (9.231667 45.478347),,,,
9985,Particelle sospese PM2.5,µg/m³,600,Lodi v.Vignati,80,LO,Lodi,N,10-07-2006,Present,5017060,538042,45.30601628,9.48527511,POINT (9.48527511 45.30601628),,,,
10070,Biossido di Zolfo,µg/m³,693,Sannazzaro de' Burgondi v.Traversi,85,PV,Sannazzaro de' Burgondi,N,01-01-2007,Present,4994371,492461,45.10277464,8.90418742,POINT (8.90418742 45.10277464),,,,
5574,Biossido di Azoto,µg/m³,571,Bormio v.Monte Braulio,1225,SO,Bormio,N,01-11-1993,Present,5147136,605598,46.46952397,10.37543275,POINT (10.37543275 46.46952397),,,,
12692,Cadmio,ng/m³,560,Varese v.Copelli,383,VA,Varese,N,01-04-2008,Present,5073728,486035,45.8169745,8.82024911,POINT (8.82024911 45.8169745),,,,
10449,Particelle sospese PM2.5,µg/m³,560,Varese v.Copelli,383,VA,Varese,N,01-09-2009,Present,5073728,486035,45.8169745,8.82024911,POINT (8.82024911 45.8169745),,,,
9833,Benzene,µg/m³,664,Mantova p.zza Gramsci,18,MN,Mantova,N,16-05-2005,Present,5001351,640031,45.15175186,10.78141717,POINT (10.78141717 45.15175186),,,,
12661,Nikel,ng/m³,681,Moggio Loc. Penscei,1194,LC,Moggio,N,14-06-2008,Present,5084478,538586,45.91279097,9.49754261,POINT (9.49754261 45.91279097),,,,
5717,Ozono,µg/m³,531,Pioltello Limito,114,MI,Pioltello,N,13-05-1989,Present,5036730,525583,45.48363242,9.32736196,POINT (9.32736196 45.48363242),,,,
30165,Ozono,µg/m³,669,Brescia Villaggio Sereno,70,BS,Brescia,N,13-12-2013,Present,5040636,593101,45.51306214,10.19190606,POINT (10.19190606 45.51306214),,,,
9831,PM10 (SM2005),µg/m³,670,Mantova S.Agnese,22,MN,Mantova,N,30-12-2004,Present,5002356,641122,45.16057658,10.79557331,POINT (10.79557331 45.16057658),,,,
12670,Piombo,ng/m³,703,Schivenoglia v. Malpasso,,MN,Schivenoglia,N,23-02-2008,Present,4986922,663580,45.01688067,11.07609728,POINT (11.07609728 45.01688067),,,,
9997,Ozono,µg/m³,682,Ferrera Erbognone ENI,88,PV,Ferrera Erbognone,N,21-01-2006,Present,4995567,490094,45.11351117,8.87407772,POINT (8.87407772 45.11351117),,,,
5827,Monossido di Carbonio,mg/m³,501,Milano v.Marche,129,MI,Milano,N,05-04-1989,Present,5038105,514918,45.49631883,9.19093444,POINT (9.19093444 45.49631883),,,,
10327,Biossido di Zolfo,µg/m³,708,Parona v. della Miseria,112,PV,Parona,N,15-08-2007,Present,5014300,480733,45.28194289,8.75433614,POINT (8.75433614 45.28194289),,,,
5504,Biossido di Azoto,µg/m³,501,Milano v.Marche,129,MI,Milano,N,18-09-1980,Present,5038105,514918,45.49631883,9.19093444,POINT (9.19093444 45.49631883),,,,
30160,Biossido di Azoto,µg/m³,655,Darfo Boario Terme v. De Amicis,221,BS,Darfo Boario Terme,S,13-12-2013,12-07-2023,5080789,591371,45.87460256,10.17736553,POINT (10.17736553 45.87460256),,,,
6280,Ossidi di Azoto,µg/m³,604,Tavazzano con Villavesco v.Cascina Bagnolo,85,LO,Tavazzano con Villavesco,N,13-01-2000,Present,5019734,532492,45.33036444,9.41464375,POINT (9.41464375 45.33036444),,,,
6212,Ossidi di Azoto,µg/m³,596,Osio Sotto v.per Levate,182,BG,Osio Sotto,N,06-04-2000,Present,5052072,547691,45.62055568,9.61173782,POINT (9.61173782 45.62055568),,,,
10505,Ossidi di Azoto,µg/m³,1269,Dalmine v.Verdi,207,BG,Dalmine,N,12-02-2010,Present,5055304,546847,45.64971,9.60123469,POINT (9.60123469 45.64971),,,,
20491,Biossido di Azoto,µg/m³,1800,Brescia S.Polo,124,BS,Brescia,N,07-12-2020,Present,5040227,598141,45.5086668,10.25637025,POINT (10.25637025 45.5086668),,,,
12665,Benzo(a)pirene,ng/m³,681,Moggio Loc. Penscei,1194,LC,Moggio,N,15-06-2008,Present,5084478,538586,45.91279097,9.49754261,POINT (9.49754261 45.91279097),,,,
5548,Biossido di Azoto,µg/m³,545,Motta Visconti v. De Gasperi,100,MI,Motta Visconti,N,17-03-1998,Present,5014273,499103,45.28196356,8.98857592,POINT (8.98857592 45.28196356),,,,
12611,Benzo(a)pirene,ng/m³,546,Magenta v. F. Turati,137,MI,Magenta,N,15-04-2008,Present,5034328,490635,45.46242074,8.88021388,POINT (8.88021388 45.46242074),,,,
12639,Cadmio,ng/m³,548,Milano v.Senato,118,MI,Milano,N,09-07-2008,Present,5035238,515435,45.470501,9.19746075,POINT (9.19746075 45.470501),,,,
5564,Biossido di Azoto,µg/m³,561,Como v.Cattaneo,202,CO,Como,N,17-02-1991,Present,5073500,505203,45.81504217,9.06697886,POINT (9.06697886 45.81504217),,,,
10507,Biossido di Azoto,µg/m³,1269,Dalmine v.Verdi,207,BG,Dalmine,N,12-02-2010,Present,5055304,546847,45.64971,9.60123469,POINT (9.60123469 45.64971),,,,
10333,Ossidi di Azoto,µg/m³,709,Vigevano v.Valletta,109,PV,Vigevano,N,08-08-2007,Present,5016690,487833,45.30361483,8.84480578,POINT (8.84480578 45.30361483),,,,
12668,Arsenico,ng/m³,703,Schivenoglia v. Malpasso,,MN,Schivenoglia,N,23-02-2008,Present,4986922,663580,45.01688067,11.07609728,POINT (11.07609728 45.01688067),,,,
12638,Arsenico,ng/m³,548,Milano v.Senato,118,MI,Milano,N,09-07-2008,Present,5035238,515435,45.470501,9.19746075,POINT (9.19746075 45.470501),,,,
6870,Benzene,µg/m³,663,Mantova v.Ariosto,18,MN,Mantova,N,01-01-2003,Present,5000669,641770,45.14526864,10.80333489,POINT (10.80333489 45.14526864),,,,
6925,PM10 (SM2005),µg/m³,571,Bormio v.Monte Braulio,1225,SO,Bormio,N,18-04-2003,Present,5147136,605598,46.46952397,10.37543275,POINT (10.37543275 46.46952397),,,,
5576,Biossido di Azoto,µg/m³,573,Colico v.La Madoneta,229,LC,Colico,N,05-11-1996,Present,5109468,529713,46.1381409,9.38468725,POINT (9.38468725 46.1381409),,,,
12596,Arsenico,ng/m³,609,Casirate d'Adda v. Cimitero,108,BG,Casirate d'Adda,N,24-04-2008,Present,5038450,543458,45.49822794,9.55624181,POINT (9.55624181 45.49822794),,,,
17039,Cadmio,ng/m³,583,Bergamo v.Meucci,249,BG,Bergamo,N,13-01-2012,Present,5059922,550116,45.691044,9.64366225,POINT (9.64366225 45.691044),,,,
20427,Biossido di Zolfo,µg/m³,683,Cassano d'Adda 2-v.Milano,133,MI,Cassano d'Adda,S,20-12-2017,Present,5041567,540293,45.52647322,9.515991,POINT (9.515991 45.52647322),,,,
12663,Cadmio,ng/m³,681,Moggio Loc. Penscei,1194,LC,Moggio,N,14-06-2008,Present,5084478,538586,45.91279097,9.49754261,POINT (9.49754261 45.91279097),,,,
6784,Ossidi di Azoto,µg/m³,652,Brescia v.Turati,154,BS,Brescia,N,01-10-1999,Present,5043626,596168,45.53953611,10.23178722,POINT (10.23178722 45.53953611),,,,
6879,Monossido di Carbonio,mg/m³,664,Mantova p.zza Gramsci,18,MN,Mantova,N,11-06-2004,Present,5001351,640031,45.15175186,10.78141717,POINT (10.78141717 45.15175186),,,,
10166,Benzene,µg/m³,703,Schivenoglia v. Malpasso,,MN,Schivenoglia,N,29-11-2006,Present,4986922,663580,45.01688067,11.07609728,POINT (11.07609728 45.01688067),,,,
5568,Biossido di Azoto,µg/m³,565,Cantù v.Meucci,369,CO,Cantù,N,15-02-1994,Present,5064150,509783,45.73083728,9.12573936,POINT (9.12573936 45.73083728),,,,
10165,Ossidi di Azoto,µg/m³,703,Schivenoglia v. Malpasso,,MN,Schivenoglia,N,29-11-2006,Present,4986922,663580,45.01688067,11.07609728,POINT (11.07609728 45.01688067),,,,
9740,PM10 (SM2005),µg/m³,604,Tavazzano con Villavesco v.Cascina Bagnolo,85,LO,Tavazzano con Villavesco,N,05-04-2005,Present,5019734,532492,45.33036444,9.41464375,POINT (9.41464375 45.33036444),,,,
9999,Biossido di Azoto,µg/m³,683,Cassano d'Adda 2-v.Milano,133,MI,Cassano d'Adda,N,17-02-2006,Present,5041567,540293,45.52647322,9.515991,POINT (9.515991 45.52647322),,,,
10096,Benzene,µg/m³,697,Borgofranco sul Po loc. Bonizzo,14,MN,Borgofranco sul Po,S,29-11-2006,01-01-2018,4990430,671752,45.04650286,11.18094889,POINT (11.18094889 45.04650286),,,,
9877,Biossido di Azoto,µg/m³,674,Monza v.Machiavelli,162,MB,Monza,N,21-10-2005,Present,5047450,521343,45.574117,9.263808,POINT (9.263808 45.574117),,,,
20197,PM10 (SM2005),µg/m³,598,San Rocco al Porto v.Matteotti,50,LO,San Rocco al Porto,N,01-01-2002,Present,4992297,555154,45.08199189,9.70079278,POINT (9.70079278 45.08199189),,,,
10173,PM10 (SM2005),µg/m³,703,Schivenoglia v. Malpasso,,MN,Schivenoglia,N,01-01-2007,Present,4986922,663580,45.01688067,11.07609728,POINT (11.07609728 45.01688067),,,,
10169,Monossido di Carbonio,mg/m³,703,Schivenoglia v. Malpasso,,MN,Schivenoglia,N,29-11-2006,Present,4986922,663580,45.01688067,11.07609728,POINT (11.07609728 45.01688067),,,,
30159,Ossidi di Azoto,µg/m³,655,Darfo Boario Terme v. De Amicis,221,BS,Darfo Boario Terme,S,23-01-2013,12-07-2023,5080789,591371,45.87460256,10.17736553,POINT (10.17736553 45.87460256),,,,
5739,Ozono,µg/m³,571,Bormio v.Monte Braulio,1225,SO,Bormio,N,29-05-1996,Present,5147136,605598,46.46952397,10.37543275,POINT (10.37543275 46.46952397),,,,
12620,Arsenico,ng/m³,542,Meda v. Gagarin,222,MB,Meda,N,18-04-2008,Present,5056480,512203,45.660992,9.160225,POINT (9.160225 45.660992),,,,
9971,Monossido di Carbonio,mg/m³,679,Valmadrera v.Pozzi,247,LC,Valmadrera,N,16-02-2006,Present,5076576,527307,45.84221272,9.35166247,POINT (9.35166247 45.84221272),,,,
6356,Ossidi di Azoto,µg/m³,504,Sesto San Giovanni v. Cesare da Sesto,139,MI,Sesto San Giovanni,N,18-12-1980,Present,5042386,518435,45.53476819,9.23610903,POINT (9.23610903 45.53476819),,,,
10285,Ossidi di Azoto,µg/m³,706,Lecco v.Sora,272,LC,Lecco,N,28-06-2007,Present,5078987,531045,45.86375372,9.39995481,POINT (9.39995481 45.86375372),,,,
17290,PM10 (SM2005),µg/m³,1374,Monza Parco,181,MB,Monza,N,15-02-2013,Present,5049780,521452,45.603072,9.276156,POINT (9.276156 45.603072),,,,
17295,Ozono,µg/m³,558,Busto Arsizio  Accam,206,VA,Busto Arsizio,N,26-01-2013,Present,5047718,487687,45.58289429,8.84216546,POINT (8.84216546 45.58289429),,,,
6412,Ossidi di Azoto,µg/m³,627,Cremona P.zza Cadorna,39,CR,Cremona,N,01-01-2002,Present,4998110,579872,45.13195042,10.01574064,POINT (10.01574064 45.13195042),,,,
6862,Monossido di Carbonio,mg/m³,661,Rezzato v.De Gasperi,147,BS,Rezzato,S,24-11-1999,20-02-2023,5041110,604367,45.51571417,10.33624003,POINT (10.33624003 45.51571417),,,,
6939,PM10 (SM2005),µg/m³,600,Lodi v.Vignati,80,LO,Lodi,N,05-12-2000,Present,5017060,538042,45.30601628,9.48527511,POINT (9.48527511 45.30601628),,,,
5676,Biossido di Zolfo,µg/m³,561,Como v.Cattaneo,202,CO,Como,N,17-02-1991,Present,5073500,505203,45.81504217,9.06697886,POINT (9.06697886 45.81504217),,,,
10586,Particelle sospese PM2.5,µg/m³,677,Cremona Via Fatebenefratelli,43,CR,Cremona,N,28-07-2010,Present,4999315,582066,45.14254358,10.04384767,POINT (10.04384767 45.14254358),,,,
6936,PM10 (SM2005),µg/m³,596,Osio Sotto v.per Levate,182,BG,Osio Sotto,N,24-05-2000,Present,5052072,547691,45.62055568,9.61173782,POINT (9.61173782 45.62055568),,,,
6204,Ossidi di Azoto,µg/m³,592,Treviglio p.zza Insurrezione,191,BG,Treviglio,N,02-06-1991,Present,5040815,546236,45.51933533,9.59201917,POINT (9.59201917 45.51933533),,,,
10301,Benzene,µg/m³,574,Lecco v. Amendola,214,LC,Lecco,N,07-11-2006,Present,5077479,530713,45.85019631,9.39558125,POINT (9.39558125 45.85019631),,,,
6300,Ossidi di Azoto,µg/m³,544,Cormano v. Edison,153,MI,Cormano,N,24-10-1994,Present,5044180,512693,45.547597,9.166983,POINT (9.166983 45.547597),,,,
9897,Biossido di Azoto,µg/m³,609,Casirate d'Adda v. Cimitero,108,BG,Casirate d'Adda,N,10-11-2005,Present,5038450,543458,45.49822794,9.55624181,POINT (9.55624181 45.49822794),,,,
12577,Particelle sospese PM2.5,µg/m³,627,Cremona P.zza Cadorna,39,CR,Cremona,N,01-01-2012,Present,4998110,579872,45.13195042,10.01574064,POINT (10.01574064 45.13195042),,,,
10282,Ozono,µg/m³,705,Milano Pascal Città Studi,122,MI,Milano,N,16-06-2007,Present,5036190,518405,45.478347,9.231667,POINT (9.231667 45.478347),,,,
6956,PM10 (SM2005),µg/m³,528,Milano Verziere,116,MI,Milano,N,01-11-2001,Present,5034443,515270,45.46334886,9.19532511,POINT (9.19532511 45.46334886),,,,
10279,Biossido di Azoto,µg/m³,705,Milano Pascal Città Studi,122,MI,Milano,N,16-06-2007,Present,5036190,518405,45.478347,9.231667,POINT (9.231667 45.478347),,,,
20529,Particelle sospese PM2.5,µg/m³,501,Milano v.Marche,129,MI,Milano,N,01-01-2022,Present,5038105,514918,45.49631883,9.19093444,POINT (9.19093444 45.49631883),,,,
10352,PM10 (SM2005),µg/m³,517,Turbigo,141,MI,Turbigo,N,01-01-2008,Present,5041480,479423,45.52655611,8.73650211,POINT (8.73650211 45.52655611),,,,
9978,Particelle sospese PM2.5,µg/m³,609,Casirate d'Adda v. Cimitero,108,BG,Casirate d'Adda,N,11-11-2005,Present,5038450,543458,45.49822794,9.55624181,POINT (9.55624181 45.49822794),,,,
5811,Monossido di Carbonio,mg/m³,598,San Rocco al Porto v.Matteotti,50,LO,San Rocco al Porto,S,25-02-2002,31-12-2021,4992297,555154,45.08199189,9.70079278,POINT (9.70079278 45.08199189),,,,
5853,Monossido di Carbonio,mg/m³,560,Varese v.Copelli,383,VA,Varese,N,07-08-2003,Present,5073728,486035,45.8169745,8.82024911,POINT (8.82024911 45.8169745),,,,
12588,Nikel,ng/m³,669,Brescia Villaggio Sereno,70,BS,Brescia,N,01-04-2008,Present,5040636,593101,45.51306214,10.19190606,POINT (10.19190606 45.51306214),,,,
6766,Ossidi di Azoto,µg/m³,649,Brescia v.Broletto,149,BS,Brescia,N,05-08-1992,Present,5043674,595467,45.54006456,10.22281989,POINT (10.22281989 45.54006456),,,,
5534,Biossido di Azoto,µg/m³,531,Pioltello Limito,114,MI,Pioltello,N,23-05-1989,Present,5036730,525583,45.48363242,9.32736196,POINT (9.32736196 45.48363242),,,,
20032,Ossidi di Azoto,µg/m³,693,Sannazzaro de' Burgondi v.Traversi,85,PV,Sannazzaro de' Burgondi,N,24-10-2013,Present,4994371,492461,45.10277464,8.90418742,POINT (8.90418742 45.10277464),,,,
6264,Ossidi di Azoto,µg/m³,608,Codogno v.Trento,59,LO,Codogno,N,13-01-2000,Present,5000892,554872,45.15937678,9.69815314,POINT (9.69815314 45.15937678),,,,
9925,Ozono,µg/m³,677,Cremona Via Fatebenefratelli,43,CR,Cremona,N,08-04-2006,Present,4999315,582066,45.14254358,10.04384767,POINT (10.04384767 45.14254358),,,,
12617,Benzo(a)pirene,ng/m³,670,Mantova S.Agnese,22,MN,Mantova,N,19-02-2008,Present,5002356,641122,45.16057658,10.79557331,POINT (10.79557331 45.16057658),,,,
9991,Ozono,µg/m³,681,Moggio Loc. Penscei,1194,LC,Moggio,N,12-07-2006,Present,5084478,538586,45.91279097,9.49754261,POINT (9.49754261 45.91279097),,,,
6288,Ossidi di Azoto,µg/m³,551,Arconate v. De Gasperi,182,MI,Arconate,N,20-01-1999,Present,5043898,488082,45.54852147,8.84732669,POINT (8.84732669 45.54852147),,,,
10072,PM10 (SM2005),µg/m³,693,Sannazzaro de' Burgondi v.Traversi,85,PV,Sannazzaro de' Burgondi,N,01-01-2007,Present,4994371,492461,45.10277464,8.90418742,POINT (8.90418742 45.10277464),,,,
6274,Ossidi di Azoto,µg/m³,598,San Rocco al Porto v.Matteotti,50,LO,San Rocco al Porto,N,24-01-2002,Present,4992297,555154,45.08199189,9.70079278,POINT (9.70079278 45.08199189),,,,
17284,Ammoniaca,µg/m³,1374,Monza Parco,181,MB,Monza,S,08-02-2013,09-07-2019,5049780,521452,45.603072,9.276156,POINT (9.276156 45.603072),,,,
10450,Particelle sospese PM2.5,µg/m³,655,Darfo Boario Terme v. De Amicis,221,BS,Darfo Boario Terme,S,23-12-2008,12-07-2023,5080789,591371,45.87460256,10.17736553,POINT (10.17736553 45.87460256),,,,
6832,Ozono,µg/m³,657,Lonato del Garda v.del Marchesino,180,BS,Lonato del Garda,N,14-03-2004,Present,5035536,615762,45.46375819,10.48078183,POINT (10.48078183 45.46375819),,,,
6382,Ossidi di Azoto,µg/m³,569,Sondrio v.Mazzini,307,SO,Sondrio,N,01-11-1993,Present,5113078,567173,46.16797103,9.87014581,POINT (9.87014581 46.16797103),,,,
6364,Ossidi di Azoto,µg/m³,517,Turbigo,141,MI,Turbigo,N,11-01-1990,Present,5041480,479423,45.52655611,8.73650211,POINT (8.73650211 45.52655611),,,,
12676,Benzo(a)pirene,ng/m³,1264,Sondrio v.Paribelli,290,SO,Sondrio,N,22-04-2008,Present,5113073,567873,46.16785664,9.87921169,POINT (9.87921169 46.16785664),,,,
12028,PM10 (SM2005),µg/m³,642,Pavia v. Folperti,77,PV,Pavia,N,04-02-2011,Present,5004590,512932,45.19468231,9.16464919,POINT (9.16464919 45.19468231),,,,
10339,PM10 (SM2005),µg/m³,629,Crema v.XI febbraio,79,CR,Crema,N,25-09-2007,Present,5023885,555127,45.36631075,9.70395139,POINT (9.70395139 45.36631075),,,,
12687,Piombo,ng/m³,633,Soresina v. Landriani,70,CR,Soresina,N,01-04-2008,Present,5014860,567712,45.28398,9.86340258,POINT (9.86340258 45.28398),,,,
20041,Ozono,µg/m³,670,Mantova S.Agnese,22,MN,Mantova,N,13-12-2013,Present,5002356,641122,45.16057658,10.79557331,POINT (10.79557331 45.16057658),,,,
5563,Biossido di Azoto,µg/m³,560,Varese v.Copelli,383,VA,Varese,N,07-08-2003,Present,5073728,486035,45.8169745,8.82024911,POINT (8.82024911 45.8169745),,,,
12640,Piombo,ng/m³,548,Milano v.Senato,118,MI,Milano,N,09-07-2008,Present,5035238,515435,45.470501,9.19746075,POINT (9.19746075 45.470501),,,,
17159,Particelle sospese PM2.5,µg/m³,633,Soresina v. Landriani,70,CR,Soresina,N,11-10-2012,Present,5014860,567712,45.28398,9.86340258,POINT (9.86340258 45.28398),,,,
6354,Ossidi di Azoto,µg/m³,548,Milano v.Senato,118,MI,Milano,N,21-04-1995,Present,5035238,515435,45.470501,9.19746075,POINT (9.19746075 45.470501),,,,
12570,Particelle sospese PM2.5,µg/m³,561,Como v.Cattaneo,202,CO,Como,N,23-09-2011,Present,5073500,505203,45.81504217,9.06697886,POINT (9.06697886 45.81504217),,,,
9995,Monossido di Carbonio,mg/m³,682,Ferrera Erbognone ENI,88,PV,Ferrera Erbognone,N,21-01-2006,Present,4995567,490094,45.11351117,8.87407772,POINT (8.87407772 45.11351117),,,,
10384,Benzene,µg/m³,693,Sannazzaro de' Burgondi v.Traversi,85,PV,Sannazzaro de' Burgondi,N,01-01-2007,Present,4994371,492461,45.10277464,8.90418742,POINT (8.90418742 45.10277464),,,,
12621,Cadmio,ng/m³,542,Meda v. Gagarin,222,MB,Meda,N,18-04-2008,Present,5056480,512203,45.660992,9.160225,POINT (9.160225 45.660992),,,,
10451,Ossidi di Azoto,µg/m³,1265,Lodi S.Alberto,76,LO,Lodi,N,03-08-2009,Present,5016706,538829,45.30278678,9.49528589,POINT (9.49528589 45.30278678),,,,
6248,Ossidi di Azoto,µg/m³,574,Lecco v. Amendola,214,LC,Lecco,N,01-01-1991,Present,5077479,530713,45.85019631,9.39558125,POINT (9.39558125 45.85019631),,,,
10452,Biossido di Azoto,µg/m³,1265,Lodi S.Alberto,76,LO,Lodi,N,03-08-2009,Present,5016706,538829,45.30278678,9.49528589,POINT (9.49528589 45.30278678),,,,
12627,Piombo,ng/m³,705,Milano Pascal Città Studi,122,MI,Milano,N,01-04-2008,Present,5036190,518405,45.478347,9.231667,POINT (9.231667 45.478347),,,,
10017,Ossidi di Azoto,µg/m³,685,Calusco d'Adda v. Caduti sul Lavoro,273,BG,Calusco d'Adda,N,30-06-2006,Present,5059767,537706,45.69043647,9.48426111,POINT (9.48426111 45.69043647),,,,
5700,Biossido di Zolfo,µg/m³,571,Bormio v.Monte Braulio,1225,SO,Bormio,N,01-11-1993,Present,5147136,605598,46.46952397,10.37543275,POINT (10.37543275 46.46952397),,,,
5683,Biossido di Zolfo,µg/m³,573,Colico v.La Madoneta,229,LC,Colico,S,17-02-1991,09-02-2023,5109468,529713,46.1381409,9.38468725,POINT (9.38468725 46.1381409),,,,
12685,Arsenico,ng/m³,633,Soresina v. Landriani,70,CR,Soresina,N,01-04-2008,Present,5014860,567712,45.28398,9.86340258,POINT (9.86340258 45.28398),,,,
6813,Biossido di Azoto,µg/m³,656,Gambara v.Parma,47,BS,Gambara,N,16-02-1990,Present,5011493,601945,45.24955194,10.29913,POINT (10.29913 45.24955194),,,,
6919,PM10 (SM2005),µg/m³,561,Como v.Cattaneo,202,CO,Como,N,04-01-2000,Present,5073500,505203,45.81504217,9.06697886,POINT (9.06697886 45.81504217),,,,
17126,Benzene,µg/m³,705,Milano Pascal Città Studi,122,MI,Milano,N,13-09-2012,Present,5036190,518405,45.478347,9.231667,POINT (9.231667 45.478347),,,,
17042,Ammoniaca,µg/m³,677,Cremona Via Fatebenefratelli,43,CR,Cremona,N,15-02-2011,Present,4999315,582066,45.14254358,10.04384767,POINT (10.04384767 45.14254358),,,,
5790,Monossido di Carbonio,mg/m³,592,Treviglio p.zza Insurrezione,191,BG,Treviglio,N,01-12-1994,Present,5040815,546236,45.51933533,9.59201917,POINT (9.59201917 45.51933533),,,,
10078,Ossidi di Azoto,µg/m³,695,Ponti sul Mincio v.San Martino,113,MN,Ponti sul Mincio,N,20-12-2006,Present,5030184,631718,45.41277633,10.68336214,POINT (10.68336214 45.41277633),,,,
10320,PM10 (SM2005),µg/m³,548,Milano v.Senato,118,MI,Milano,N,10-08-2007,Present,5035238,515435,45.470501,9.19746075,POINT (9.19746075 45.470501),,,,
10511,Monossido di Carbonio,mg/m³,1269,Dalmine v.Verdi,207,BG,Dalmine,N,12-02-2010,Present,5055304,546847,45.64971,9.60123469,POINT (9.60123469 45.64971),,,,
9927,PM10 (SM2005),µg/m³,677,Cremona Via Fatebenefratelli,43,CR,Cremona,N,08-04-2006,Present,4999315,582066,45.14254358,10.04384767,POINT (10.04384767 45.14254358),,,,
10027,PM10 (SM2005),µg/m³,685,Calusco d'Adda v. Caduti sul Lavoro,273,BG,Calusco d'Adda,N,30-06-2006,Present,5059767,537706,45.69043647,9.48426111,POINT (9.48426111 45.69043647),,,,
5825,Monossido di Carbonio,mg/m³,531,Pioltello Limito,114,MI,Pioltello,S,11-11-1994,11-10-2023,5036730,525583,45.48363242,9.32736196,POINT (9.32736196 45.48363242),,,,
17122,Particelle sospese PM2.5,µg/m³,548,Milano v.Senato,118,MI,Milano,N,04-09-2012,Present,5035238,515435,45.470501,9.19746075,POINT (9.19746075 45.470501),,,,
10041,Ozono,µg/m³,687,Ferno v.Di Dio,215,VA,Ferno,N,06-11-2006,Present,5051773,481053,45.61924753,8.75697656,POINT (8.75697656 45.61924753),,,,
6252,Ossidi di Azoto,µg/m³,576,Merate v. Madonna di Loreto,279,LC,Merate,N,01-01-1991,Present,5060569,531623,45.69795956,9.40619194,POINT (9.40619194 45.69795956),,,,
6935,PM10 (SM2005),µg/m³,592,Treviglio p.zza Insurrezione,191,BG,Treviglio,N,03-02-2000,Present,5040815,546236,45.51933533,9.59201917,POINT (9.59201917 45.51933533),,,,
5730,Ozono,µg/m³,564,Erba v. Battisti,279,CO,Erba,N,01-01-2009,Present,5072803,517232,45.8085738,9.2217792,POINT (9.2217792 45.8085738),,,,
9804,Ossidi di Azoto,µg/m³,670,Mantova S.Agnese,22,MN,Mantova,N,23-04-2006,Present,5002356,641122,45.16057658,10.79557331,POINT (10.79557331 45.16057658),,,,
10587,Ammoniaca,µg/m³,1266,Bertonico v.Moro,65,LO,Bertonico,N,04-03-2009,Present,5009105,552297,45.23349689,9.66625758,POINT (9.66625758 45.23349689),,,,
10103,PM10 (SM2005),µg/m³,697,Borgofranco sul Po loc. Bonizzo,14,MN,Borgofranco sul Po,N,01-01-2007,Present,4990430,671752,45.04650286,11.18094889,POINT (11.18094889 45.04650286),,,,
20490,Monossido di Azoto,µg/m³,1800,Brescia S.Polo,124,BS,Brescia,N,,Present,5040227,598141,45.5086668,10.25637025,POINT (10.25637025 45.5086668),,,,
5809,Monossido di Carbonio,mg/m³,600,Lodi v.Vignati,80,LO,Lodi,N,30-12-1999,Present,5017060,538042,45.30601628,9.48527511,POINT (9.48527511 45.30601628),,,,
10258,Ammoniaca,µg/m³,626,Corte de' Cortesi con Cignone v. Villa Strada Forca,57,CR,Corte de' Cortesi con Cignone,N,22-11-2006,Present,5014380,578919,45.27848997,10.00620528,POINT (10.00620528 45.27848997),,,,
6411,Monossido di Carbonio,mg/m³,627,Cremona P.zza Cadorna,39,CR,Cremona,N,12-12-1997,Present,4998110,579872,45.13195042,10.01574064,POINT (10.01574064 45.13195042),,,,
10454,Ozono,µg/m³,1265,Lodi S.Alberto,76,LO,Lodi,N,03-08-2009,Present,5016706,538829,45.30278678,9.49528589,POINT (9.49528589 45.30278678),,,,
10457,Ossidi di Azoto,µg/m³,1266,Bertonico v.Moro,65,LO,Bertonico,N,03-08-2009,Present,5009105,552297,45.23349689,9.66625758,POINT (9.66625758 45.23349689),,,,
12629,Benzo(a)pirene,ng/m³,705,Milano Pascal Città Studi,122,MI,Milano,N,02-04-2008,Present,5036190,518405,45.478347,9.231667,POINT (9.231667 45.478347),,,,
5707,Ozono,µg/m³,551,Arconate v. De Gasperi,182,MI,Arconate,N,20-01-1999,Present,5043898,488082,45.54852147,8.84732669,POINT (8.84732669 45.54852147),,,,
5677,Biossido di Zolfo,µg/m³,564,Erba v. Battisti,279,CO,Erba,S,13-06-2009,10-01-2023,5072803,517232,45.8085738,9.2217792,POINT (9.2217792 45.8085738),,,,
17040,Nikel,ng/m³,583,Bergamo v.Meucci,249,BG,Bergamo,N,13-01-2012,Present,5059922,550116,45.691044,9.64366225,POINT (9.64366225 45.691044),,,,
5609,Biossido di Azoto,µg/m³,606,San Giuliano Milanese via Milano,97,MI,San Giuliano Milanese,N,13-01-2000,Present,5027003,522127,45.39619767,9.28269897,POINT (9.28269897 45.39619767),,,,
9899,Ozono,µg/m³,609,Casirate d'Adda v. Cimitero,108,BG,Casirate d'Adda,N,01-12-2005,Present,5038450,543458,45.49822794,9.55624181,POINT (9.55624181 45.49822794),,,,
20154,Ozono,µg/m³,690,Mezzana Bigli loc. Casoni,73,PV,Mezzana Bigli,N,20-11-2013,Present,4990697,489679,45.06966728,8.86890217,POINT (8.86890217 45.06966728),,,,
6328,Ossidi di Azoto,µg/m³,501,Milano v.Marche,129,MI,Milano,N,18-09-1980,Present,5038105,514918,45.49631883,9.19093444,POINT (9.19093444 45.49631883),,,,
12017,Biossido di Azoto,µg/m³,1297,Spinadesco v.Battisti,48,CR,Spinadesco,N,08-02-2011,Present,5000087,573153,45.15047339,9.93059842,POINT (9.93059842 45.15047339),,,,
20487,Monossido di Carbonio,mg/m³,695,Ponti sul Mincio v.San Martino,113,MN,Ponti sul Mincio,N,01-06-2021,Present,5030184,631718,45.41277633,10.68336214,POINT (10.68336214 45.41277633),,,,
5952,Ozono,µg/m³,626,Corte de' Cortesi con Cignone v. Villa Strada Forca,57,CR,Corte de' Cortesi con Cignone,N,17-05-1996,Present,5014380,578919,45.27848997,10.00620528,POINT (10.00620528 45.27848997),,,,
17297,Ozono,µg/m³,583,Bergamo v.Meucci,249,BG,Bergamo,N,24-01-2013,Present,5059922,550116,45.691044,9.64366225,POINT (9.64366225 45.691044),,,,
6705,Monossido di Carbonio,mg/m³,643,Pavia p.zza Minerva,77,PV,Pavia,N,03-03-2002,Present,5003660,511522,45.18633544,9.14667703,POINT (9.14667703 45.18633544),,,,
6232,Ossidi di Azoto,µg/m³,561,Como v.Cattaneo,202,CO,Como,N,01-01-1991,Present,5073500,505203,45.81504217,9.06697886,POINT (9.06697886 45.81504217),,,,
10437,Ozono,µg/m³,1264,Sondrio v.Paribelli,290,SO,Sondrio,N,04-01-2009,Present,5113073,567873,46.16785664,9.87921169,POINT (9.87921169 46.16785664),,,,
6220,Ossidi di Azoto,µg/m³,584,Bergamo v.Garibaldi,249,BG,Bergamo,N,21-06-1994,Present,5060449,551482,45.69568669,9.66126061,POINT (9.66126061 45.69568669),,,,
5603,Biossido di Azoto,µg/m³,600,Lodi v.Vignati,80,LO,Lodi,N,30-12-1999,Present,5017060,538042,45.30601628,9.48527511,POINT (9.48527511 45.30601628),,,,
9984,Particelle sospese PM2.5,µg/m³,669,Brescia Villaggio Sereno,70,BS,Brescia,N,06-06-2006,Present,5040636,593101,45.51306214,10.19190606,POINT (10.19190606 45.51306214),,,,
12531,PM10 (SM2005),µg/m³,1297,Spinadesco v.Battisti,48,CR,Spinadesco,N,16-02-2011,Present,5000087,573153,45.15047339,9.93059842,POINT (9.93059842 45.15047339),,,,
9896,Ossidi di Azoto,µg/m³,609,Casirate d'Adda v. Cimitero,108,BG,Casirate d'Adda,N,10-11-2005,Present,5038450,543458,45.49822794,9.55624181,POINT (9.55624181 45.49822794),,,,
9797,Benzene,µg/m³,670,Mantova S.Agnese,22,MN,Mantova,N,30-09-2005,Present,5002356,641122,45.16057658,10.79557331,POINT (10.79557331 45.16057658),,,,
10396,Particelle sospese PM2.5,µg/m³,674,Monza v.Machiavelli,162,MB,Monza,N,19-12-2008,Present,5047450,521343,45.574117,9.263808,POINT (9.263808 45.574117),,,,
6798,Biossido di Azoto,µg/m³,654,Sarezzo v.Minelli,269,BS,Sarezzo,N,18-02-1990,Present,5055826,593900,45.64962671,10.20509022,POINT (10.20509022 45.64962671),,,,
20496,PM10 (SM2005),µg/m³,1801,Brescia v.Tartaglia,151,BS,Brescia,N,08-12-2020,Present,5043948,594556,45.54264789,10.21120522,POINT (10.21120522 45.54264789),,,,
20442,Monossido di Azoto,µg/m³,681,Moggio Loc. Penscei,1194,LC,Moggio,N,16-03-2007,Present,5084478,538586,45.91279097,9.49754261,POINT (9.49754261 45.91279097),,,,
6801,Monossido di Carbonio,mg/m³,654,Sarezzo v.Minelli,269,BS,Sarezzo,S,18-02-1990,03-01-2023,5055826,593900,45.64962671,10.20509022,POINT (10.20509022 45.64962671),,,,
9965,PM10 (SM2005),µg/m³,609,Casirate d'Adda v. Cimitero,108,BG,Casirate d'Adda,N,01-01-2006,Present,5038450,543458,45.49822794,9.55624181,POINT (9.55624181 45.49822794),,,,
12667,Nikel,ng/m³,703,Schivenoglia v. Malpasso,,MN,Schivenoglia,N,23-02-2008,Present,4986922,663580,45.01688067,11.07609728,POINT (11.07609728 45.01688067),,,,
5950,Biossido di Azoto,µg/m³,626,Corte de' Cortesi con Cignone v. Villa Strada Forca,57,CR,Corte de' Cortesi con Cignone,N,17-05-1996,Present,5014380,578919,45.27848997,10.00620528,POINT (10.00620528 45.27848997),,,,
9983,Particelle sospese PM2.5,µg/m³,672,Cornale v.Libertà,74,PV,Cornale,N,02-02-2006,Present,4987406,493238,45.04008561,8.91415717,POINT (8.91415717 45.04008561),,,,
6869,Benzene,µg/m³,642,Pavia v. Folperti,77,PV,Pavia,N,06-06-2002,Present,5004590,512932,45.19468231,9.16464919,POINT (9.16464919 45.19468231),,,,
6818,Ozono,µg/m³,656,Gambara v.Parma,47,BS,Gambara,N,15-02-1990,Present,5011493,601945,45.24955194,10.29913,POINT (10.29913 45.24955194),,,,
12589,Arsenico,ng/m³,669,Brescia Villaggio Sereno,70,BS,Brescia,N,01-04-2008,Present,5040636,593101,45.51306214,10.19190606,POINT (10.19190606 45.51306214),,,,
5577,Biossido di Azoto,µg/m³,574,Lecco v. Amendola,214,LC,Lecco,N,17-02-1991,Present,5077479,530713,45.85019631,9.39558125,POINT (9.39558125 45.85019631),,,,
12686,Cadmio,ng/m³,633,Soresina v. Landriani,70,CR,Soresina,N,01-04-2008,Present,5014860,567712,45.28398,9.86340258,POINT (9.86340258 45.28398),,,,
9739,PM10 (SM2005),µg/m³,608,Codogno v.Trento,59,LO,Codogno,N,09-04-2005,Present,5000892,554872,45.15937678,9.69815314,POINT (9.69815314 45.15937678),,,,
6685,Biossido di Azoto,µg/m³,642,Pavia v. Folperti,77,PV,Pavia,N,01-06-2002,Present,5004590,512932,45.19468231,9.16464919,POINT (9.16464919 45.19468231),,,,
6966,Biossido di Zolfo,µg/m³,669,Brescia Villaggio Sereno,70,BS,Brescia,N,24-11-2004,Present,5040636,593101,45.51306214,10.19190606,POINT (10.19190606 45.51306214),,,,
9855,Ossidi di Azoto,µg/m³,672,Cornale v.Libertà,74,PV,Cornale,N,29-07-2005,Present,4987406,493238,45.04008561,8.91415717,POINT (8.91415717 45.04008561),,,,
12625,Arsenico,ng/m³,705,Milano Pascal Città Studi,122,MI,Milano,N,01-04-2008,Present,5036190,518405,45.478347,9.231667,POINT (9.231667 45.478347),,,,
5735,Ozono,µg/m³,576,Merate v. Madonna di Loreto,279,LC,Merate,S,17-02-1991,15-03-2022,5060569,531623,45.69795956,9.40619194,POINT (9.40619194 45.69795956),,,,
6910,PM10 (SM2005),µg/m³,542,Meda v. Gagarin,222,MB,Meda,N,06-02-1998,Present,5056480,512203,45.660992,9.160225,POINT (9.160225 45.660992),,,,
17038,Arsenico,ng/m³,583,Bergamo v.Meucci,249,BG,Bergamo,N,13-01-2012,Present,5059922,550116,45.691044,9.64366225,POINT (9.64366225 45.691044),,,,
5591,Biossido di Azoto,µg/m³,588,Tavernola Bergamasca v.Riva di Sotto,191,BG,Tavernola Bergamasca,N,21-09-1990,Present,5063058,581311,45.71630489,10.04477436,POINT (10.04477436 45.71630489),,,,
10039,Monossido di Carbonio,mg/m³,687,Ferno v.Di Dio,215,VA,Ferno,S,06-11-2006,31-12-2022,5051773,481053,45.61924753,8.75697656,POINT (8.75697656 45.61924753),,,,
20005,BlackCarbon,µg/m³,548,Milano v.Senato,118,MI,Milano,S,30-09-2013,23-05-2019,5035238,515435,45.470501,9.19746075,POINT (9.19746075 45.470501),,,,
5823,Monossido di Carbonio,mg/m³,539,Milano v.Liguria,115,MI,Milano,S,20-10-1991,03-10-2023,5032273,513134,45.44386047,9.16794489,POINT (9.16794489 45.44386047),,,,
