IdSensore,NomeTipoSensore,UnitaMisura,Idstazione,NomeStazione,Quota,Provincia,Comune,Storico,DataStart,DataStop,Utm_Nord,UTM_Est,lat,lng,Location
6831,Ossidi di Azoto,µg/m³,657,Lonato del Garda v.del Marchesino,180,BS,Lonato del Garda,N,01-01-1990,Present,5035536,615762,45.46375819,10.48078183,POINT (10.48078183 45.46375819)
5599,Biossido di Azoto,µg/m³,596,Osio Sotto v.per Levate,182,BG,Osio Sotto,N,06-04-2000,Present,5052072,547691,45.62055568,9.61173782,POINT (9.61173782 45.62055568)
6374,Ossidi di Azoto,µg/m³,571,Bormio v.Monte Braulio,1225,SO,Bormio,N,01-11-1993,Present,5147136,605598,46.46952397,10.37543275,POINT (10.37543275 46.46952397)
9968,Ossidi di Azoto,µg/m³,679,Valmadrera v.Pozzi,247,LC,Valmadrera,N,16-02-2006,Present,5076576,527307,45.84221272,9.35166247,POINT (9.35166247 45.84221272)
6841,Biossido di Azoto,µg/m³,659,Odolo v.Praes,349,BS,Odolo,N,13-12-2013,Present,5055661,608260,45.64605175,10.38929672,POINT (10.38929672 45.64605175)
5601,Biossido di Azoto,µg/m³,598,San Rocco al Porto v.Matteotti,50,LO,San Rocco al Porto,N,24-01-2002,Present,4992297,555154,45.08199189,9.70079278,POINT (9.70079278 45.08199189)
5989,Benzene,µg/m³,584,Bergamo v.Garibaldi,249,BG,Bergamo,N,02-08-1997,Present,5060449,551482,45.69568669,9.66126061,POINT (9.66126061 45.69568669)
10483,PM10 (SM2005),µg/m³,1265,Lodi S.Alberto,76,LO,Lodi,N,03-08-2009,Present,5016706,538829,45.30278678,9.49528589,POINT (9.49528589 45.30278678)
6380,Ossidi di Azoto,µg/m³,572,Morbegno v.Cortivacci,262,SO,Morbegno,N,13-01-1999,Present,5108901,543736,46.135486,9.56624,POINT (9.56624 46.135486)
5598,Biossido di Azoto,µg/m³,595,Filago v.Don Milani,190,BG,Filago,N,06-03-1992,Present,5053519,543342,45.63387247,9.55609572,POINT (9.55609572 45.63387247)
6005,Benzene,µg/m³,627,Cremona P.zza Cadorna,39,CR,Cremona,N,16-05-2002,Present,4998110,579872,45.13195042,10.01574064,POINT (10.01574064 45.13195042)
5814,Monossido di Carbonio,mg/m³,551,Arconate v. De Gasperi,182,MI,Arconate,N,20-01-1999,Present,5043898,488082,45.54852147,8.84732669,POINT (8.84732669 45.54852147)
10458,Biossido di Azoto,µg/m³,1266,Bertonico v.Moro,65,LO,Bertonico,N,03-08-2009,Present,5009105,552297,45.23349689,9.66625758,POINT (9.66625758 45.23349689)
6057,Benzene,µg/m³,548,Milano v.Senato,118,MI,Milano,N,01-01-1999,Present,5035238,515435,45.470501,9.19746075,POINT (9.19746075 45.470501)
6386,Ossidi di Azoto,µg/m³,558,Busto Arsizio  Accam,206,VA,Busto Arsizio,N,06-12-1998,Present,5047718,487687,45.58289429,8.84216546,POINT (8.84216546 45.58289429)
9976,PM10 (SM2005),µg/m³,679,Valmadrera v.Pozzi,247,LC,Valmadrera,N,11-02-2006,Present,5076576,527307,45.84221272,9.35166247,POINT (9.35166247 45.84221272)
6398,Ossidi di Azoto,µg/m³,554,Saronno v.Santuario,212,VA,Saronno,N,28-03-1997,Present,5052646,502058,45.62735705,9.02640138,POINT (9.02640138 45.62735705)
10484,PM10 (SM2005),µg/m³,1266,Bertonico v.Moro,65,LO,Bertonico,N,03-08-2009,Present,5009105,552297,45.23349689,9.66625758,POINT (9.66625758 45.23349689)
5805,Monossido di Carbonio,mg/m³,574,Lecco v. Amendola,214,LC,Lecco,N,17-02-1991,Present,5077479,530713,45.85019631,9.39558125,POINT (9.39558125 45.85019631)
5595,Biossido di Azoto,µg/m³,592,Treviglio p.zza Insurrezione,191,BG,Treviglio,N,02-06-1991,Present,5040815,546236,45.51933533,9.59201917,POINT (9.59201917 45.51933533)
6859,Biossido di Azoto,µg/m³,661,Rezzato v.De Gasperi,147,BS,Rezzato,N,05-08-1992,Present,5041110,604367,45.51571417,10.33624003,POINT (10.33624003 45.51571417)
10506,Benzene,µg/m³,1269,Dalmine v.Verdi,207,BG,Dalmine,N,01-09-2010,Present,5055304,546847,45.64971,9.60123469,POINT (9.60123469 45.64971)
5812,Monossido di Carbonio,mg/m³,606,San Giuliano Milanese via Milano,97,MI,San Giuliano Milanese,N,13-01-2000,Present,5027003,522127,45.39619767,9.28269897,POINT (9.28269897 45.39619767)
9972,Ozono,µg/m³,679,Valmadrera v.Pozzi,247,LC,Valmadrera,N,21-02-2006,Present,5076576,527307,45.84221272,9.35166247,POINT (9.35166247 45.84221272)
5586,Biossido di Azoto,µg/m³,583,Bergamo v.Meucci,249,BG,Bergamo,N,01-06-1989,Present,5059922,550116,45.691044,9.64366225,POINT (9.64366225 45.691044)
5794,Monossido di Carbonio,mg/m³,584,Bergamo v.Garibaldi,249,BG,Bergamo,N,16-06-1994,Present,5060449,551482,45.69568669,9.66126061,POINT (9.66126061 45.69568669)
9969,Biossido di Azoto,µg/m³,679,Valmadrera v.Pozzi,247,LC,Valmadrera,N,15-02-2006,Present,5076576,527307,45.84221272,9.35166247,POINT (9.35166247 45.84221272)
5587,Biossido di Azoto,µg/m³,584,Bergamo v.Garibaldi,249,BG,Bergamo,N,21-06-1994,Present,5060449,551482,45.69568669,9.66126061,POINT (9.66126061 45.69568669)
10463,Ozono,µg/m³,1266,Bertonico v.Moro,65,LO,Bertonico,N,03-08-2009,Present,5009105,552297,45.23349689,9.66625758,POINT (9.66625758 45.23349689)
5798,Monossido di Carbonio,mg/m³,561,Como v.Cattaneo,202,CO,Como,N,17-02-1991,Present,5073500,505203,45.81504217,9.06697886,POINT (9.06697886 45.81504217)
6366,Ossidi di Azoto,µg/m³,528,Milano Verziere,116,MI,Milano,N,24-11-1988,Present,5034443,515270,45.46334886,9.19532511,POINT (9.19532511 45.46334886)
6845,Ossidi di Azoto,µg/m³,659,Odolo v.Praes,349,BS,Odolo,N,08-10-1990,Present,5055661,608260,45.64605175,10.38929672,POINT (10.38929672 45.64605175)
10456,Particelle sospese PM2.5,µg/m³,1265,Lodi S.Alberto,76,LO,Lodi,N,03-08-2009,Present,5016706,538829,45.30278678,9.49528589,POINT (9.49528589 45.30278678)
10491,PM10 (SM2005),µg/m³,681,Moggio Loc. Penscei,1194,LC,Moggio,N,31-03-2009,Present,5084478,538586,45.91279097,9.49754261,POINT (9.49754261 45.91279097)
9985,Particelle sospese PM2.5,µg/m³,600,Lodi v.Vignati,80,LO,Lodi,N,10-07-2006,Present,5017060,538042,45.30601628,9.48527511,POINT (9.48527511 45.30601628)
5827,Monossido di Carbonio,mg/m³,501,Milano v.Marche,129,MI,Milano,N,05-04-1989,Present,5038105,514918,45.49631883,9.19093444,POINT (9.19093444 45.49631883)
10505,Ossidi di Azoto,µg/m³,1269,Dalmine v.Verdi,207,BG,Dalmine,N,12-02-2010,Present,5055304,546847,45.64971,9.60123469,POINT (9.60123469 45.64971)
9971,Monossido di Carbonio,mg/m³,679,Valmadrera v.Pozzi,247,LC,Valmadrera,N,16-02-2006,Present,5076576,527307,45.84221272,9.35166247,POINT (9.35166247 45.84221272)
6204,Ossidi di Azoto,µg/m³,592,Treviglio p.zza Insurrezione,191,BG,Treviglio,N,02-06-1991,Present,5040815,546236,45.51933533,9.59201917,POINT (9.59201917 45.51933533)
9978,Particelle sospese PM2.5,µg/m³,609,Casirate d'Adda v. Cimitero,108,BG,Casirate d'Adda,N,11-11-2005,Present,5038450,543458,45.49822794,9.55624181,POINT (9.55624181 45.49822794)
9991,Ozono,µg/m³,681,Moggio Loc. Penscei,1194,LC,Moggio,N,12-07-2006,Present,5084478,538586,45.91279097,9.49754261,POINT (9.49754261 45.91279097)
6832,Ozono,µg/m³,657,Lonato del Garda v.del Marchesino,180,BS,Lonato del Garda,N,14-03-2004,Present,5035536,615762,45.46375819,10.48078183,POINT (10.48078183 45.46375819)
6382,Ossidi di Azoto,µg/m³,569,Sondrio v.Mazzini,307,SO,Sondrio,N,01-11-1993,Present,5113078,567173,46.16797103,9.87014581,POINT (9.87014581 46.16797103)
10451,Ossidi di Azoto,µg/m³,1265,Lodi S.Alberto,76,LO,Lodi,N,03-08-2009,Present,5016706,538829,45.30278678,9.49528589,POINT (9.49528589 45.30278678)
10452,Biossido di Azoto,µg/m³,1265,Lodi S.Alberto,76,LO,Lodi,N,03-08-2009,Present,5016706,538829,45.30278678,9.49528589,POINT (9.49528589 45.30278678)
5809,Monossido di Carbonio,mg/m³,600,Lodi v.Vignati,80,LO,Lodi,N,30-12-1999,Present,5017060,538042,45.30601628,9.48527511,POINT (9.48527511 45.30601628)
10454,Ozono,µg/m³,1265,Lodi S.Alberto,76,LO,Lodi,N,03-08-2009,Present,5016706,538829,45.30278678,9.49528589,POINT (9.49528589 45.30278678)
10457,Ossidi di Azoto,µg/m³,1266,Bertonico v.Moro,65,LO,Bertonico,N,03-08-2009,Present,5009105,552297,45.23349689,9.66625758,POINT (9.66625758 45.23349689)
9984,Particelle sospese PM2.5,µg/m³,669,Brescia Villaggio Sereno,70,BS,Brescia,N,06-06-2006,Present,5040636,593101,45.51306214,10.19190606,POINT (10.19190606 45.51306214)
9983,Particelle sospese PM2.5,µg/m³,672,Cornale v.Libertà,74,PV,Cornale,N,02-02-2006,Present,4987406,493238,45.04008561,8.91415717,POINT (8.91415717 45.04008561)
5591,Biossido di Azoto,µg/m³,588,Tavernola Bergamasca v.Riva di Sotto,191,BG,Tavernola Bergamasca,N,21-09-1990,Present,5063058,581311,45.71630489,10.04477436,POINT (10.04477436 45.71630489)
