sensor_id,sensor_type,unit,station_id,station_name,province,start_date,end_date,latitude,longitude
6831,Ossidi di Azoto,µg/m³,657,Lonato del Garda v.del Marchesino,BS,01-01-1990,Present,45.46375819,10.48078183
5599,Biossido di Azoto,µg/m³,596,Osio Sotto v.per Levate,BG,06-04-2000,Present,45.62055568,9.61173782
6374,Ossidi di Azoto,µg/m³,571,Bormio v.Monte Braulio,SO,01-11-1993,Present,46.46952397,10.37543275
9968,Ossidi di Azoto,µg/m³,679,Valmadrera v.Pozzi,LC,16-02-2006,Present,45.84221272,9.35166247
6841,Biossido di Azoto,µg/m³,659,Odolo v.Praes,BS,13-12-2013,Present,45.64605175,10.38929672
5601,Biossido di Azoto,µg/m³,598,San Rocco al Porto v.Matteotti,LO,24-01-2002,Present,45.08199189,9.70079278
5989,Benzene,µg/m³,584,Bergamo v.Garibaldi,BG,02-08-1997,Present,45.69568669,9.66126061
10483,PM10 (SM2005),µg/m³,1265,Lodi S.Alberto,LO,03-08-2009,Present,45.30278678,9.49528589
6380,Ossidi di Azoto,µg/m³,572,Morbegno v.Cortivacci,SO,13-01-1999,Present,46.135486,9.56624
5598,Biossido di Azoto,µg/m³,595,Filago v.Don Milani,BG,06-03-1992,Present,45.63387247,9.55609572
6005,Benzene,µg/m³,627,Cremona P.zza Cadorna,CR,16-05-2002,Present,45.13195042,10.01574064
5814,Monossido di Carbonio,mg/m³,551,Arconate v. De Gasperi,MI,20-01-1999,Present,45.54852147,8.84732669
10458,Biossido di Azoto,µg/m³,1266,Bertonico v.Moro,LO,03-08-2009,Present,45.23349689,9.66625758
6057,Benzene,µg/m³,548,Milano v.Senato,MI,01-01-1999,Present,45.470501,9.19746075
6386,Ossidi di Azoto,µg/m³,558,Busto Arsizio  Accam,VA,06-12-1998,Present,45.58289429,8.84216546
9976,PM10 (SM2005),µg/m³,679,Valmadrera v.Pozzi,LC,11-02-2006,Present,45.84221272,9.35166247
6398,Ossidi di Azoto,µg/m³,554,Saronno v.Santuario,VA,28-03-1997,Present,45.62735705,9.02640138
10484,PM10 (SM2005),µg/m³,1266,Bertonico v.Moro,LO,03-08-2009,Present,45.23349689,9.66625758
5805,Monossido di Carbonio,mg/m³,574,Lecco v. Amendola,LC,17-02-1991,Present,45.85019631,9.39558125
5595,Biossido di Azoto,µg/m³,592,Treviglio p.zza Insurrezione,BG,02-06-1991,Present,45.51933533,9.59201917
6859,Biossido di Azoto,µg/m³,661,Rezzato v.De Gasperi,BS,05-08-1992,Present,45.51571417,10.33624003
10506,Benzene,µg/m³,1269,Dalmine v.Verdi,BG,01-09-2010,Present,45.64971,9.60123469
5812,Monossido di Carbonio,mg/m³,606,San Giuliano Milanese via Milano,MI,13-01-2000,Present,45.39619767,9.28269897
9972,Ozono,µg/m³,679,Valmadrera v.Pozzi,LC,21-02-2006,Present,45.84221272,9.35166247
5586,Biossido di Azoto,µg/m³,583,Bergamo v.Meucci,BG,01-06-1989,Present,45.691044,9.64366225
5794,Monossido di Carbonio,mg/m³,584,Bergamo v.Garibaldi,BG,16-06-1994,Present,45.69568669,9.66126061
9969,Biossido di Azoto,µg/m³,679,Valmadrera v.Pozzi,LC,15-02-2006,Present,45.84221272,9.35166247
5587,Biossido di Azoto,µg/m³,584,Bergamo v.Garibaldi,BG,21-06-1994,Present,45.69568669,9.66126061
10463,Ozono,µg/m³,1266,Bertonico v.Moro,LO,03-08-2009,Present,45.23349689,9.66625758
5798,Monossido di Carbonio,mg/m³,561,Como v.Cattaneo,CO,17-02-1991,Present,45.81504217,9.06697886
6366,Ossidi di Azoto,µg/m³,528,Milano Verziere,MI,24-11-1988,Present,45.46334886,9.19532511
6845,Ossidi di Azoto,µg/m³,659,Odolo v.Praes,BS,08-10-1990,Present,45.64605175,10.38929672
10456,Particelle sospese PM2.5,µg/m³,1265,Lodi S.Alberto,LO,03-08-2009,Present,45.30278678,9.49528589
10491,PM10 (SM2005),µg/m³,681,Moggio Loc. Penscei,LC,31-03-2009,Present,45.91279097,9.49754261
9985,Particelle sospese PM2.5,µg/m³,600,Lodi v.Vignati,LO,10-07-2006,Present,45.30601628,9.48527511
5827,Monossido di Carbonio,mg/m³,501,Milano v.Marche,MI,05-04-1989,Present,45.49631883,9.19093444
10505,Ossidi di Azoto,µg/m³,1269,Dalmine v.Verdi,BG,12-02-2010,Present,45.64971,9.60123469
9971,Monossido di Carbonio,mg/m³,679,Valmadrera v.Pozzi,LC,16-02-2006,Present,45.84221272,9.35166247
6204,Ossidi di Azoto,µg/m³,592,Treviglio p.zza Insurrezione,BG,02-06-1991,Present,45.51933533,9.59201917
9978,Particelle sospese PM2.5,µg/m³,609,Casirate d'Adda v. Cimitero,BG,11-11-2005,Present,45.49822794,9.55624181
9991,Ozono,µg/m³,681,Moggio Loc. Penscei,LC,12-07-2006,Present,45.91279097,9.49754261
6832,Ozono,µg/m³,657,Lonato del Garda v.del Marchesino,BS,14-03-2004,Present,45.46375819,10.48078183
6382,Ossidi di Azoto,µg/m³,569,Sondrio v.Mazzini,SO,01-11-1993,Present,46.16797103,9.87014581
10451,Ossidi di Azoto,µg/m³,1265,Lodi S.Alberto,LO,03-08-2009,Present,45.30278678,9.49528589
10452,Biossido di Azoto,µg/m³,1265,Lodi S.Alberto,LO,03-08-2009,Present,45.30278678,9.49528589
5809,Monossido di Carbonio,mg/m³,600,Lodi v.Vignati,LO,30-12-1999,Present,45.30601628,9.48527511
10454,Ozono,µg/m³,1265,Lodi S.Alberto,LO,03-08-2009,Present,45.30278678,9.49528589
10457,Ossidi di Azoto,µg/m³,1266,Bertonico v.Moro,LO,03-08-2009,Present,45.23349689,9.66625758
9984,Particelle sospese PM2.5,µg/m³,669,Brescia Villaggio Sereno,BS,06-06-2006,Present,45.51306214,10.19190606
9983,Particelle sospese PM2.5,µg/m³,672,Cornale v.Libertà,PV,02-02-2006,Present,45.04008561,8.91415717
5591,Biossido di Azoto,µg/m³,588,Tavernola Bergamasca v.Riva di Sotto,BG,21-09-1990,Present,45.71630489,10.04477436
